country,year,has_immigration
BE,1995,FALSE
BE,1996,FALSE
BE,1997,FALSE
BE,1998,TRUE
BE,1999,TRUE
BE,2000,TRUE
BE,2001,TRUE
BE,2002,TRUE
BE,2003,TRUE
BE,2004,TRUE
BE,2005,TRUE
BE,2006,TRUE
BE,2007,TRUE
BE,2008,FALSE
BE,2009,FALSE
BE,2010,TRUE
BE,2011,TRUE
BE,2012,TRUE
BE,2013,TRUE
BE,2014,TRUE
BE,2015,TRUE
BE,2016,TRUE
BE,2017,TRUE
BE,2018,TRUE
BE,2019,TRUE
BE,2020,TRUE
BE,2021,TRUE
BE,2022,TRUE
BE,2023,TRUE
BG,1995,FALSE
BG,1996,FALSE
BG,1997,FALSE
BG,1998,FALSE
BG,1999,FALSE
BG,2000,FALSE
BG,2001,FALSE
BG,2002,FALSE
BG,2003,FALSE
BG,2004,FALSE
BG,2005,FALSE
BG,2006,FALSE
BG,2007,TRUE
BG,2008,FALSE
BG,2009,FALSE
BG,2010,FALSE
BG,2011,FALSE
BG,2012,TRUE
BG,2013,TRUE
BG,2014,TRUE
BG,2015,TRUE
BG,2016,TRUE
BG,2017,TRUE
BG,2018,TRUE
BG,2019,TRUE
BG,2020,TRUE
BG,2021,TRUE
BG,2022,TRUE
BG,2023,TRUE
CZ,1995,FALSE
CZ,1996,FALSE
CZ,1997,FALSE
CZ,1998,FALSE
CZ,1999,FALSE
CZ,2000,FALSE
CZ,2001,TRUE
CZ,2002,TRUE
CZ,2003,TRUE
CZ,2004,TRUE
CZ,2005,TRUE
CZ,2006,TRUE
CZ,2007,TRUE
CZ,2008,TRUE
CZ,2009,TRUE
CZ,2010,TRUE
CZ,2011,TRUE
CZ,2012,TRUE
CZ,2013,TRUE
CZ,2014,TRUE
CZ,2015,TRUE
CZ,2016,TRUE
CZ,2017,TRUE
CZ,2018,TRUE
CZ,2019,TRUE
CZ,2020,TRUE
CZ,2021,TRUE
CZ,2022,TRUE
CZ,2023,TRUE
DE,1995,FALSE
DE,1996,FALSE
DE,1997,FALSE
DE,1998,TRUE
DE,1999,TRUE
DE,2000,TRUE
DE,2001,TRUE
DE,2002,TRUE
DE,2003,TRUE
DE,2004,TRUE
DE,2005,TRUE
DE,2006,TRUE
DE,2007,TRUE
DE,2008,TRUE
DE,2009,TRUE
DE,2010,TRUE
DE,2011,TRUE
DE,2012,TRUE
DE,2013,TRUE
DE,2014,TRUE
DE,2015,TRUE
DE,2016,TRUE
DE,2017,TRUE
DE,2018,TRUE
DE,2019,TRUE
DE,2020,TRUE
DE,2021,TRUE
DE,2022,TRUE
DE,2023,TRUE
DK,1995,FALSE
DK,1996,FALSE
DK,1997,FALSE
DK,1998,TRUE
DK,1999,TRUE
DK,2000,TRUE
DK,2001,TRUE
DK,2002,TRUE
DK,2003,TRUE
DK,2004,TRUE
DK,2005,TRUE
DK,2006,TRUE
DK,2007,TRUE
DK,2008,TRUE
DK,2009,TRUE
DK,2010,TRUE
DK,2011,TRUE
DK,2012,TRUE
DK,2013,TRUE
DK,2014,TRUE
DK,2015,TRUE
DK,2016,TRUE
DK,2017,TRUE
DK,2018,TRUE
DK,2019,TRUE
DK,2020,TRUE
DK,2021,TRUE
DK,2022,TRUE
DK,2023,TRUE
EE,1995,FALSE
EE,1996,FALSE
EE,1997,FALSE
EE,1998,FALSE
EE,1999,FALSE
EE,2000,TRUE
EE,2001,TRUE
EE,2002,TRUE
EE,2003,TRUE
EE,2004,TRUE
EE,2005,TRUE
EE,2006,TRUE
EE,2007,TRUE
EE,2008,TRUE
EE,2009,TRUE
EE,2010,TRUE
EE,2011,TRUE
EE,2012,TRUE
EE,2013,TRUE
EE,2014,TRUE
EE,2015,TRUE
EE,2016,TRUE
EE,2017,TRUE
EE,2018,TRUE
EE,2019,TRUE
EE,2020,TRUE
EE,2021,TRUE
EE,2022,TRUE
EE,2023,TRUE
ES,1995,FALSE
ES,1996,FALSE
ES,1997,FALSE
ES,1998,TRUE
ES,1999,TRUE
ES,2000,TRUE
ES,2001,TRUE
ES,2002,TRUE
ES,2003,TRUE
ES,2004,TRUE
ES,2005,TRUE
ES,2006,TRUE
ES,2007,TRUE
ES,2008,TRUE
ES,2009,TRUE
ES,2010,TRUE
ES,2011,TRUE
ES,2012,TRUE
ES,2013,TRUE
ES,2014,TRUE
ES,2015,TRUE
ES,2016,TRUE
ES,2017,TRUE
ES,2018,TRUE
ES,2019,TRUE
ES,2020,TRUE
ES,2021,TRUE
ES,2022,TRUE
ES,2023,TRUE
FI,1995,FALSE
FI,1996,FALSE
FI,1997,FALSE
FI,1998,TRUE
FI,1999,TRUE
FI,2000,TRUE
FI,2001,TRUE
FI,2002,TRUE
FI,2003,TRUE
FI,2004,TRUE
FI,2005,TRUE
FI,2006,TRUE
FI,2007,TRUE
FI,2008,TRUE
FI,2009,TRUE
FI,2010,TRUE
FI,2011,TRUE
FI,2012,TRUE
FI,2013,TRUE
FI,2014,TRUE
FI,2015,TRUE
FI,2016,TRUE
FI,2017,TRUE
FI,2018,TRUE
FI,2019,TRUE
FI,2020,TRUE
FI,2021,TRUE
FI,2022,TRUE
FI,2023,TRUE
FR,1995,FALSE
FR,1996,FALSE
FR,1997,FALSE
FR,1998,FALSE
FR,1999,FALSE
FR,2000,FALSE
FR,2001,FALSE
FR,2002,FALSE
FR,2003,FALSE
FR,2004,FALSE
FR,2005,FALSE
FR,2006,TRUE
FR,2007,TRUE
FR,2008,TRUE
FR,2009,TRUE
FR,2010,TRUE
FR,2011,TRUE
FR,2012,TRUE
FR,2013,TRUE
FR,2014,TRUE
FR,2015,TRUE
FR,2016,TRUE
FR,2017,TRUE
FR,2018,TRUE
FR,2019,TRUE
FR,2020,TRUE
FR,2021,TRUE
FR,2022,TRUE
FR,2023,TRUE
GR,1995,FALSE
GR,1996,FALSE
GR,1997,FALSE
GR,1998,TRUE
GR,1999,TRUE
GR,2000,TRUE
GR,2001,TRUE
GR,2002,TRUE
GR,2003,TRUE
GR,2004,TRUE
GR,2005,TRUE
GR,2006,TRUE
GR,2007,TRUE
GR,2008,TRUE
GR,2009,TRUE
GR,2010,TRUE
GR,2011,FALSE
GR,2012,TRUE
GR,2013,TRUE
GR,2014,TRUE
GR,2015,TRUE
GR,2016,TRUE
GR,2017,TRUE
GR,2018,TRUE
GR,2019,TRUE
GR,2020,TRUE
GR,2021,TRUE
GR,2022,TRUE
GR,2023,TRUE
HR,1995,FALSE
HR,1996,FALSE
HR,1997,FALSE
HR,1998,TRUE
HR,1999,TRUE
HR,2000,FALSE
HR,2001,TRUE
HR,2002,TRUE
HR,2003,TRUE
HR,2004,TRUE
HR,2005,FALSE
HR,2006,TRUE
HR,2007,TRUE
HR,2008,TRUE
HR,2009,TRUE
HR,2010,TRUE
HR,2011,TRUE
HR,2012,TRUE
HR,2013,TRUE
HR,2014,TRUE
HR,2015,TRUE
HR,2016,TRUE
HR,2017,TRUE
HR,2018,TRUE
HR,2019,TRUE
HR,2020,TRUE
HR,2021,TRUE
HR,2022,TRUE
HR,2023,TRUE
HU,1995,FALSE
HU,1996,FALSE
HU,1997,FALSE
HU,1998,TRUE
HU,1999,TRUE
HU,2000,TRUE
HU,2001,TRUE
HU,2002,TRUE
HU,2003,TRUE
HU,2004,TRUE
HU,2005,TRUE
HU,2006,TRUE
HU,2007,TRUE
HU,2008,TRUE
HU,2009,TRUE
HU,2010,TRUE
HU,2011,TRUE
HU,2012,TRUE
HU,2013,TRUE
HU,2014,TRUE
HU,2015,TRUE
HU,2016,TRUE
HU,2017,TRUE
HU,2018,TRUE
HU,2019,TRUE
HU,2020,TRUE
HU,2021,TRUE
HU,2022,TRUE
HU,2023,TRUE
IT,1995,FALSE
IT,1996,FALSE
IT,1997,FALSE
IT,1998,TRUE
IT,1999,TRUE
IT,2000,TRUE
IT,2001,TRUE
IT,2002,TRUE
IT,2003,TRUE
IT,2004,TRUE
IT,2005,TRUE
IT,2006,TRUE
IT,2007,TRUE
IT,2008,TRUE
IT,2009,TRUE
IT,2010,TRUE
IT,2011,TRUE
IT,2012,TRUE
IT,2013,TRUE
IT,2014,TRUE
IT,2015,TRUE
IT,2016,TRUE
IT,2017,TRUE
IT,2018,TRUE
IT,2019,TRUE
IT,2020,TRUE
IT,2021,TRUE
IT,2022,TRUE
IT,2023,TRUE
LT,1995,FALSE
LT,1996,FALSE
LT,1997,FALSE
LT,1998,TRUE
LT,1999,TRUE
LT,2000,TRUE
LT,2001,TRUE
LT,2002,TRUE
LT,2003,TRUE
LT,2004,TRUE
LT,2005,TRUE
LT,2006,TRUE
LT,2007,TRUE
LT,2008,TRUE
LT,2009,TRUE
LT,2010,TRUE
LT,2011,TRUE
LT,2012,TRUE
LT,2013,TRUE
LT,2014,TRUE
LT,2015,TRUE
LT,2016,TRUE
LT,2017,TRUE
LT,2018,TRUE
LT,2019,TRUE
LT,2020,TRUE
LT,2021,TRUE
LT,2022,TRUE
LT,2023,TRUE
LV,1995,FALSE
LV,1996,FALSE
LV,1997,FALSE
LV,1998,TRUE
LV,1999,TRUE
LV,2000,TRUE
LV,2001,TRUE
LV,2002,TRUE
LV,2003,TRUE
LV,2004,TRUE
LV,2005,TRUE
LV,2006,TRUE
LV,2007,TRUE
LV,2008,TRUE
LV,2009,TRUE
LV,2010,TRUE
LV,2011,TRUE
LV,2012,TRUE
LV,2013,TRUE
LV,2014,TRUE
LV,2015,TRUE
LV,2016,TRUE
LV,2017,TRUE
LV,2018,TRUE
LV,2019,TRUE
LV,2020,TRUE
LV,2021,TRUE
LV,2022,TRUE
LV,2023,TRUE
NL,1995,FALSE
NL,1996,FALSE
NL,1997,FALSE
NL,1998,TRUE
NL,1999,TRUE
NL,2000,TRUE
NL,2001,TRUE
NL,2002,TRUE
NL,2003,TRUE
NL,2004,TRUE
NL,2005,TRUE
NL,2006,TRUE
NL,2007,TRUE
NL,2008,TRUE
NL,2009,TRUE
NL,2010,TRUE
NL,2011,TRUE
NL,2012,TRUE
NL,2013,TRUE
NL,2014,TRUE
NL,2015,TRUE
NL,2016,TRUE
NL,2017,TRUE
NL,2018,TRUE
NL,2019,TRUE
NL,2020,TRUE
NL,2021,TRUE
NL,2022,TRUE
NL,2023,TRUE
NO,1995,FALSE
NO,1996,FALSE
NO,1997,FALSE
NO,1998,TRUE
NO,1999,TRUE
NO,2000,TRUE
NO,2001,TRUE
NO,2002,TRUE
NO,2003,TRUE
NO,2004,TRUE
NO,2005,TRUE
NO,2006,TRUE
NO,2007,TRUE
NO,2008,TRUE
NO,2009,TRUE
NO,2010,TRUE
NO,2011,TRUE
NO,2012,TRUE
NO,2013,TRUE
NO,2014,TRUE
NO,2015,TRUE
NO,2016,TRUE
NO,2017,TRUE
NO,2018,TRUE
NO,2019,TRUE
NO,2020,TRUE
NO,2021,TRUE
NO,2022,TRUE
NO,2023,TRUE
PL,1995,FALSE
PL,1996,FALSE
PL,1997,FALSE
PL,1998,TRUE
PL,1999,TRUE
PL,2000,TRUE
PL,2001,TRUE
PL,2002,TRUE
PL,2003,TRUE
PL,2004,TRUE
PL,2005,TRUE
PL,2006,TRUE
PL,2007,TRUE
PL,2008,TRUE
PL,2009,TRUE
PL,2010,TRUE
PL,2011,TRUE
PL,2012,TRUE
PL,2013,TRUE
PL,2014,TRUE
PL,2015,TRUE
PL,2016,TRUE
PL,2017,TRUE
PL,2018,TRUE
PL,2019,TRUE
PL,2020,TRUE
PL,2021,TRUE
PL,2022,TRUE
PL,2023,TRUE
PT,1995,FALSE
PT,1996,FALSE
PT,1997,FALSE
PT,1998,TRUE
PT,1999,TRUE
PT,2000,TRUE
PT,2001,TRUE
PT,2002,TRUE
PT,2003,TRUE
PT,2004,TRUE
PT,2005,TRUE
PT,2006,TRUE
PT,2007,TRUE
PT,2008,TRUE
PT,2009,TRUE
PT,2010,TRUE
PT,2011,TRUE
PT,2012,TRUE
PT,2013,TRUE
PT,2014,TRUE
PT,2015,TRUE
PT,2016,TRUE
PT,2017,TRUE
PT,2018,TRUE
PT,2019,TRUE
PT,2020,TRUE
PT,2021,TRUE
PT,2022,TRUE
PT,2023,TRUE
RO,1995,FALSE
RO,1996,FALSE
RO,1997,FALSE
RO,1998,FALSE
RO,1999,FALSE
RO,2000,FALSE
RO,2001,FALSE
RO,2002,FALSE
RO,2003,FALSE
RO,2004,FALSE
RO,2005,FALSE
RO,2006,FALSE
RO,2007,FALSE
RO,2008,TRUE
RO,2009,TRUE
RO,2010,TRUE
RO,2011,TRUE
RO,2012,TRUE
RO,2013,TRUE
RO,2014,TRUE
RO,2015,TRUE
RO,2016,TRUE
RO,2017,TRUE
RO,2018,TRUE
RO,2019,TRUE
RO,2020,TRUE
RO,2021,TRUE
RO,2022,TRUE
RO,2023,TRUE
SI,1995,FALSE
SI,1996,FALSE
SI,1997,FALSE
SI,1998,TRUE
SI,1999,TRUE
SI,2000,TRUE
SI,2001,TRUE
SI,2002,TRUE
SI,2003,TRUE
SI,2004,TRUE
SI,2005,TRUE
SI,2006,TRUE
SI,2007,TRUE
SI,2008,TRUE
SI,2009,TRUE
SI,2010,TRUE
SI,2011,TRUE
SI,2012,TRUE
SI,2013,TRUE
SI,2014,TRUE
SI,2015,TRUE
SI,2016,TRUE
SI,2017,TRUE
SI,2018,TRUE
SI,2019,TRUE
SI,2020,TRUE
SI,2021,TRUE
SI,2022,TRUE
SI,2023,TRUE
SK,1995,FALSE
SK,1996,FALSE
SK,1997,FALSE
SK,1998,TRUE
SK,1999,TRUE
SK,2000,TRUE
SK,2001,TRUE
SK,2002,TRUE
SK,2003,TRUE
SK,2004,TRUE
SK,2005,TRUE
SK,2006,TRUE
SK,2007,TRUE
SK,2008,TRUE
SK,2009,TRUE
SK,2010,TRUE
SK,2011,TRUE
SK,2012,TRUE
SK,2013,TRUE
SK,2014,TRUE
SK,2015,TRUE
SK,2016,TRUE
SK,2017,TRUE
SK,2018,TRUE
SK,2019,TRUE
SK,2020,TRUE
SK,2021,TRUE
SK,2022,TRUE
SK,2023,TRUE
