country,year,threat_land_log,gpr_mean
BE,2010,0,0.07228156163667639
BE,2011,0.008044637462952958,0.12301860004663467
BE,2012,0.04577225038782138,0.0817495856123666
BE,2013,0.012572835354823184,0.08308299165219069
BE,2014,0.3563600846521958,0.20464909759660563
BE,2015,0,0.1993967288484176
BE,2016,0.08083167114752496,0.33036835057040054
BE,2017,0.048430159518910935,0.18291490152478218
BE,2018,0.01459447787153161,0.2437701461215814
BE,2019,0.38808537506306173,0.1660389006137848
BE,2020,0.005223946754842562,0.15386363739768663
BE,2021,0.012740143973109633,0.22562658910950026
BE,2022,4.114809691391569,0.4924064017832279
BE,2023,4.002938589941859,0.21391233367224535
DE,2010,0,0.26521002252896625
DE,2011,0.024838557995980195,0.26031916836897534
DE,2012,0.14988532073976377,0.24035267159342766
DE,2013,0.0447605828530324,0.2836620956659317
DE,2014,0.9013370004906365,0.5414480517307917
DE,2015,0,0.5209106157223383
DE,2016,0.262685839207777,0.4493142068386078
DE,2017,0.14439870073478955,0.46934999773899716
DE,2018,0.04721059768530739,0.5053521282970905
DE,2019,0.2619989763723933,0.4287399301926295
DE,2020,0.016171374782009536,0.4226485478381316
DE,2021,0.045721313944537594,0.4357735564311345
DE,2022,5.324688397982566,1.2530546933412552
DE,2023,5.2091666012313516,0.6279067223270735
DK,2010,0,0.0389659656987836
DK,2011,0.008418149861239514,0.027279924950562418
DK,2012,0.14158057927418347,0.01423679618164897
DK,2013,0.053555963269718815,0.01802899152971804
DK,2014,0.8294767525858063,0.029561698359126847
DK,2015,0,0.04935723706148565
DK,2016,0.2917319096305395,0.03174634510651231
DK,2017,0.05262023499014784,0.02233479292287181
DK,2018,0.030141272374550106,0.04015490311818818
DK,2019,0.15892846666097002,0.037781894051780306
DK,2020,0.024763997483557537,0.022560846681396168
DK,2021,0.05578242378144579,0.03684832667931914
DK,2022,5.175782570927063,0.09401815881331761
DK,2023,5.0505339402027545,0.07138915771308045
ES,2010,0,0.07601998032381137
ES,2011,0.011534809733647068,0.07385711682339509
ES,2012,0.0270766516540734,0.06580955566217501
ES,2013,0.003001195509798064,0.04202497641866406
ES,2014,0.1323591530551187,0.07133171086510022
ES,2015,0,0.09321073380609353
ES,2016,0.03035438206827334,0.08738826618840297
ES,2017,0.06495476353591792,0.11309835904588302
ES,2018,0.013883967333577366,0.0637620532264312
ES,2019,0.10655022880146942,0.08879956137388945
ES,2020,7.41784816121914e-4,0.08954281825572252
ES,2021,0.0027627052276685835,0.05580771869669358
ES,2022,3.107377788515857,0.16942768978575865
ES,2023,3.022747559722821,0.11166179242233436
FI,2010,0,0.014926115283742547
FI,2011,0.004275783585612639,0.022367472857392084
FI,2012,0.3692900162890535,0.012843811069615185
FI,2013,0.18998989349495649,0.013060124008916318
FI,2014,0.8644665685675528,0.024747642028766375
FI,2015,0,0.018355236776793998
FI,2016,1.004618063475312,0.018662520063420136
FI,2017,0.02753421207501771,0.020611466684689123
FI,2018,0.09618869703994916,0.08129480399657041
FI,2019,0.025575872704996633,0.028114988196951646
FI,2020,0.4089780093441728,0.024850897025316954
FI,2021,0.1999679923636216,0.027537365444004536
FI,2022,5.325210013054086,0.2336483852316936
FI,2023,5.248426013343799,0.10712395949910085
FR,2010,0,0.30200184881687164
FR,2011,0.025698499892321917,0.5031813060243925
FR,2012,0.07676624796696996,0.3687548985083898
FR,2013,0.013279283169719765,0.4823317254583041
FR,2014,0.41555194176667054,0.4922422344485919
FR,2015,0,0.9657821903626124
FR,2016,0.10094660815199029,0.7489193926254908
FR,2017,0.14275601795254442,0.551187368730704
FR,2018,0.03443196013935392,0.5586947947740555
FR,2019,0.4191014906269849,0.48658857494592667
FR,2020,0.004138315855336756,0.45104282225171727
FR,2021,0.012857423629639597,0.47776849443713826
FR,2022,4.312328859747507,0.920625165104866
FR,2023,4.205682332252502,0.5891667132576307
GB,2010,0,0.8638160824775696
GB,2011,0.003910634914687284,0.9524019360542297
GB,2012,0.030113040191097663,0.8371571699778239
GB,2013,0.009971024096438592,0.9031898925701777
GB,2014,0.21592869583748303,1.0265032400687535
GB,2015,0,0.9989469349384308
GB,2016,0.08068298431546585,0.9006747057040533
GB,2017,0.023800545916238775,0.9144709358612696
GB,2018,0.008915015477162683,1.0689780513445537
GB,2019,0.5265890341390446,0.9725230584541956
GB,2020,0.018629694382154234,0.7453187753756841
GB,2021,0.010978860973860366,0.8197903831799825
GB,2022,3.53785791706169,1.7720248301823933
GB,2023,3.422492508863573,1.2341475437084835
HU,2010,0,0.008080896087146053
HU,2011,0.06720115739495965,0.006062166532501578
HU,2012,0.2634723117669542,0.00910893230078121
HU,2013,0.06514226968250833,0.005677605338860303
HU,2014,1.5620400084633992,0.04233468339468042
HU,2015,0,0.05643506099780401
HU,2016,0.30850878616332084,0.0402956532780081
HU,2017,0.3650718648378889,0.026346048340201378
HU,2018,0.11118974190573273,0.029317584858896833
HU,2019,0.05392597081243157,0.030125843283409875
HU,2020,0.006173842347798134,0.024650079275791843
HU,2021,0.05203795713993317,0.038915958954021335
HU,2022,6.355078071889119,0.20807504343489805
HU,2023,6.272466242165229,0.09423205691079299
IT,2010,0,0.07513660440842311
IT,2011,0.11705087098340075,0.20948001990715662
IT,2012,0.23704315327838954,0.08141554364313681
IT,2013,0.0189312154361249,0.1082749745498101
IT,2014,0.6630584556512883,0.15704582507411638
IT,2015,0,0.1393066436673204
IT,2016,0.23114796815321983,0.14858478059371313
IT,2017,0.5478547678012721,0.12278320950766404
IT,2018,0.1400070460829981,0.1532422478000323
IT,2019,0.12815560031048928,0.12568686778346697
IT,2020,0.0031465428893937388,0.16271815076470375
IT,2021,0.016657293913399512,0.12366644044717152
IT,2022,4.957759987734606,0.35032626303533715
IT,2023,4.8685410864137895,0.17496665753424168
NL,2010,0,0.07548911791915695
NL,2011,0.007153406838607129,0.05104723037220538
NL,2012,0.05701964428431905,0.04916208051145077
NL,2013,0.01802717683513817,0.057691731645415224
NL,2014,0.4073376845757498,0.11840384422490995
NL,2015,0,0.07068297468746702
NL,2016,0.11381019919729593,0.08804500723878543
NL,2017,0.04340711056958888,0.07625924982130527
NL,2018,0.015489052170846462,0.07018562437345584
NL,2019,0.3561213007229366,0.07773799635469913
NL,2020,0.008910723856906515,0.07846286861846845
NL,2021,0.018709393727089924,0.07192193530499935
NL,2022,4.2560028758470265,0.17889885666469732
NL,2023,4.137325119454429,0.12523365703721842
NO,2010,0,0.034906204246605434
NO,2011,0.0032353374169618214,0.04166937588403622
NO,2012,0.10049084809084788,0.03373307406824703
NO,2013,0.04803858143319963,0.04500244363831977
NO,2014,0.4778421719857451,0.05029806448146701
NO,2015,0,0.045470029736558594
NO,2016,0.3205859185938775,0.04411680934329828
NO,2017,0.020540474636497854,0.04114677105098963
NO,2018,0.03242521156105355,0.038239790010266006
NO,2019,0.11949575166143324,0.08362865789482991
NO,2020,0.44396890406955547,0.04111199100346615
NO,2021,0.046318296112962926,0.06736681563779712
NO,2022,4.441103747196935,0.16171846662958464
NO,2023,4.3221321909902,0.10584220197051764
PL,2010,0,0.038192089879885316
PL,2011,0.04315337124717288,0.023711932629036408
PL,2012,0.3750180183083097,0.026965181692503393
PL,2013,0.13718887827776263,0.022110389681377757
PL,2014,1.827183204234884,0.13712268260618052
PL,2015,0,0.06916598440147936
PL,2016,0.5648940339052754,0.09487279287228982
PL,2017,0.2501523024578788,0.07600001059472561
PL,2018,0.10485547055469106,0.07417188305407763
PL,2019,0.09284038981869427,0.07064726017415524
PL,2020,0.0227043553646354,0.05951321745912234
PL,2021,0.1330347315322482,0.15414279699325562
PL,2022,6.593765027536911,0.6736554565529028
PL,2023,6.479530379301466,0.21994574864705405
PT,2010,0,0.04381025730011364
PT,2011,0.00196559734808576,0.03355215551952521
PT,2012,0.00552372923623831,0.01862937945406884
PT,2013,8.36325120092068e-4,0.010693513225608816
PT,2014,0.03359405486872405,0.018095328006893396
PT,2015,0,0.023691170460854966
PT,2016,0.007335275332602174,0.025777318126832444
PT,2017,0.011428519101881708,0.023041576069469254
PT,2018,0.0025390370962254448,0.013757176037567357
PT,2019,0.06437598375958783,0.01471258862875402
PT,2020,3.6149236796411945e-4,0.011928610891724626
PT,2021,8.206050626369482e-4,0.011788071986908713
PT,2022,1.7955683647791443,0.02577875255762289
PT,2023,1.714436033836609,0.01975404502203067
