country,year,regime,threat_land_log,threat_score_log,gpr_mean
BE,1995,1,4.8136183187583095,5.0173888837177065,0.11314805597066879
BE,1996,1,0.43306260511074873,2.5849672912280526,0.07617359142750502
BE,1997,1,0.20829734692113208,2.6593774952156735,0.06431070311615865
BE,1998,1,2.271951313676346,3.7081450862320224,0.07445208045343558
BE,1999,1,2.70147973224112,3.4361889269441503,0.15559601923450828
BE,2000,1,0.06997925409458881,2.7339010514132287,0.05779601292063793
BE,2001,1,0.9923201054547546,2.23859592527905,0.19135946780443192
BE,2002,1,0.13370011478011895,2.354577648442591,0.11188938406606515
BE,2003,1,0,2.5870472774661395,0.15267304268976054
BE,2004,1,0.00751767581737449,2.4966656722405776,0.10589413282771905
BE,2005,2,0.05139707425514198,1.8165280507523798,0.12139122343311708
BE,2006,2,0.009417959531940015,2.0484384470523076,0.08966390912731488
BE,2007,2,0,2.351815741354074,0.07479996078958114
BE,2008,2,0,2.107274899429187,0.08085555567716558
BE,2009,2,0.09422071951756705,2.4714838024230343,0.07508732409526904
BE,2010,2,0,1.950765501335749,0.07228156163667639
BE,2011,2,0.008044637462952958,2.742496450955096,0.12301860004663467
BE,2012,2,0.04577225038782138,3.685883200375794,0.0817495856123666
BE,2013,2,0.012572835354823184,3.954716633248286,0.08308299165219069
BE,2014,3,0.3563600846521958,4.117908429312421,0.20464909759660563
BE,2015,3,0,3.7924679505354195,0.1993967288484176
BE,2016,3,0.08083167114752496,3.6008559699227276,0.33036835057040054
BE,2017,3,0.048430159518910935,3.0978939457602146,0.18291490152478218
BE,2018,3,0.01459447787153161,2.4458580956648976,0.2437701461215814
BE,2019,3,0.38808537506306173,2.755000795366101,0.1660389006137848
BE,2020,3,0.005223946754842562,2.282515600973793,0.15386363739768663
BE,2021,3,0.012740143973109633,1.6312524346265427,0.22562658910950026
BE,2022,4,4.114809691391569,4.929702267263786,0.4924064017832279
BE,2023,4,4.002938589941859,5.233319318410078,0.21391233367224535
DE,1995,1,5.934835624907237,6.0454636252837926,0.3496176525950432
DE,1996,1,0.4140736155859109,3.0788372971232727,0.21088228933513165
DE,1997,1,0.5438355063212762,3.1199662673883735,0.1390516199171543
DE,1998,1,3.335303564055038,4.294308996822714,0.22553262362877527
DE,1999,1,3.7966255857694877,4.235946226775045,0.313236220429341
DE,2000,1,0.20401276316745826,3.1020629218855875,0.14560667177041373
DE,2001,1,1.838111345842653,2.821112844496637,0.4578369464725256
DE,2002,1,0.2940585548192727,2.7711172895362965,0.40342845519383747
DE,2003,1,0,2.9820830098503452,0.6548760024209818
DE,2004,1,0.00966832260626698,2.959027545814412,0.3778511161605517
DE,2005,2,0.15640723235596452,2.368265663168838,0.3332845779756705
DE,2006,2,0.033642754923726606,2.681169233544232,0.3548716641962528
DE,2007,2,0,2.8353747141807664,0.2821961355706056
DE,2008,2,0,2.6316504769293094,0.23720714139441648
DE,2009,2,0.30779571191147004,2.924677236253835,0.22178313943247
DE,2010,2,0,2.395730906967962,0.26521002252896625
DE,2011,2,0.024838557995980195,3.357690769287392,0.26031916836897534
DE,2012,2,0.14988532073976377,4.729102173186619,0.24035267159342766
DE,2013,2,0.0447605828530324,5.051256609221311,0.2836620956659317
DE,2014,3,0.9013370004906365,5.234857784240239,0.5414480517307917
DE,2015,3,0,4.887100595370312,0.5209106157223383
DE,2016,3,0.262685839207777,4.675872795987507,0.4493142068386078
DE,2017,3,0.14439870073478955,4.165017974146799,0.46934999773899716
DE,2018,3,0.04721059768530739,3.492025851080754,0.5053521282970905
DE,2019,3,0.2619989763723933,3.6620205979039704,0.4287399301926295
DE,2020,3,0.016171374782009536,3.1683765108508446,0.4226485478381316
DE,2021,3,0.045721313944537594,2.57362832635362,0.4357735564311345
DE,2022,4,5.324688397982566,6.139612344681246,1.2530546933412552
DE,2023,4,5.2091666012313516,6.4393537346151035,0.6279067223270735
DK,1995,1,4.509812731085542,4.638656827362729,0.035972066378841795
DK,1996,1,0.2123641583478202,2.114487225698296,0.015430096536874771
DK,1997,1,0.18781029088851622,2.0687122109674365,0.012901142957465103
DK,1998,1,2.1638941553413105,2.9820096264005094,0.015582900610752404
DK,1999,1,2.6395350955756833,3.0054024364223313,0.010047847696114331
DK,2000,1,0.06431520563805947,1.7252238609001413,0.012824923808996877
DK,2001,1,0.9253899361217932,1.6200808078945705,0.02715641469694674
DK,2002,1,0.2774881990931341,1.5628332009415624,0.05682147340849042
DK,2003,1,0,1.682394529202752,0.03313831189492097
DK,2004,1,0.0021118758385035175,1.8175997944030262,0.025744625910495717
DK,2005,2,0.08287141941177217,1.522068103514358,0.030305431534846623
DK,2006,2,0.04022362549934785,1.7634714379747465,0.0450491471371303
DK,2007,2,0,1.7332914333971572,0.016540644282940775
DK,2008,2,0,1.6807181385470695,0.02478442806750536
DK,2009,2,0.37281496748978693,1.8346033215451019,0.04665829516792049
DK,2010,2,0,1.367907282721405,0.0389659656987836
DK,2011,2,0.008418149861239514,2.1252393099882854,0.027279924950562418
DK,2012,2,0.14158057927418347,3.96248931958643,0.01423679618164897
DK,2013,2,0.053555963269718815,4.303108607370725,0.01802899152971804
DK,2014,3,0.8294767525858063,4.653482168239173,0.029561698359126847
DK,2015,3,0,4.29801905177696,0.04935723706148565
DK,2016,3,0.2917319096305395,4.036237998116358,0.03174634510651231
DK,2017,3,0.05262023499014784,3.527929105948143,0.02233479292287181
DK,2018,3,0.030141272374550106,2.866599446477458,0.04015490311818818
DK,2019,3,0.15892846666097002,2.9416131910066006,0.037781894051780306
DK,2020,3,0.024763997483557537,2.4623654765975798,0.022560846681396168
DK,2021,3,0.05578242378144579,2.1380920805530206,0.03684832667931914
DK,2022,4,5.175782570927063,5.9796373193729275,0.09401815881331761
DK,2023,4,5.0505339402027545,6.252227499229017,0.07138915771308045
ES,1995,1,4.564478276262705,5.920772640085926,0.08570484630763531
ES,1996,1,0.16006334726761726,4.654337948075474,0.07903935946524143
ES,1997,1,0.20352200437579374,4.850505831111965,0.08545023109763861
ES,1998,1,2.296092444467711,5.861549489583558,0.07003066036850214
ES,1999,1,2.606865035095618,5.193765629288322,0.062349261405567326
ES,2000,1,0.07152033863271429,5.03571146578531,0.05523032074173292
ES,2001,1,1.0123547385260876,4.200771245971319,0.13805357304712138
ES,2002,1,0.7483953211879111,4.5694047251998455,0.14809386183818182
ES,2003,1,0,4.826607758207742,0.26130491867661476
ES,2004,1,0.16271448914582362,4.639198634184282,0.28194293193519115
ES,2005,2,0.05944676339143065,3.7165544746098846,0.14919887545208135
ES,2006,2,0.0022375528851258887,3.8473934993043017,0.10030943279465039
ES,2007,2,0,4.387636682607615,0.09151569350312154
ES,2008,2,0,4.0856640519388705,0.07569776941090822
ES,2009,2,0.018919290654158687,4.527560848573706,0.06144305178895593
ES,2010,2,0,3.969895077466186,0.07601998032381137
ES,2011,2,0.011534809733647068,4.560250297110019,0.07385711682339509
ES,2012,2,0.0270766516540734,4.582223188472225,0.06580955566217501
ES,2013,2,0.003001195509798064,4.50895322559356,0.04202497641866406
ES,2014,3,0.1323591530551187,4.5210199047631585,0.07133171086510022
ES,2015,3,0,4.329284328828629,0.09321073380609353
ES,2016,3,0.03035438206827334,4.185312870722315,0.08738826618840297
ES,2017,3,0.06495476353591792,3.6927924614027607,0.11309835904588302
ES,2018,3,0.013883967333577366,2.9733009240329618,0.0637620532264312
ES,2019,3,0.10655022880146942,3.7571979368719277,0.08879956137388945
ES,2020,3,7.41784816121914e-4,3.421598486669073,0.08954281825572252
ES,2021,3,0.0027627052276685835,2.3085362100093163,0.05580771869669358
ES,2022,4,3.107377788515857,4.0298118972579955,0.16942768978575865
ES,2023,4,3.022747559722821,4.416987887462049,0.11166179242233436
FI,1995,1,3.396276558750587,3.6123575493403486,0.015507256612181664
FI,1996,1,0.0499056498132585,1.8277153638048327,0.017580087839936216
FI,1997,1,0.07655165602529325,1.6774316449798592,0.03514189909522732
FI,1998,1,1.372111662345019,2.076013666541037,0.011491890317605188
FI,1999,1,1.7970676538701698,2.178343391017209,0.051153445771584906
FI,2000,1,0.026050784677915557,0.8212875810399971,0.033460322534665465
FI,2001,1,0.46806830624629897,0.94484093857428475,0.03134926214503745
FI,2002,1,0.7233246098943945,1.184309286710156,0.022528824862092733
FI,2003,1,0,0.9571668380061772,0.027089219423942268
FI,2004,1,3.536195545511122e-4,1.4058250408724162,0.021148106083273888
FI,2005,2,0.1504059934531802,1.4018735233883133,0.019138328226593632
FI,2006,2,0.13558241101079438,1.5409338896882931,0.03629456181079149
FI,2007,2,0,1.3552589429518143,0.016243631408239406
FI,2008,2,0,1.5017062119589735,0.023522496921941638
FI,2009,2,1.1739172980756896,1.7931038020840298,0.007783895048002402
FI,2010,2,0,1.079932284584347,0.014926115283742547
FI,2011,2,0.004275783585612639,1.6030537292823546,0.022367472857392084
FI,2012,2,0.3692900162890535,3.725278289514262,0.012843811069615185
FI,2013,2,0.18998989349495649,4.067945742098926,0.013060124008916318
FI,2014,3,0.8644665685675528,4.711462919125344,0.024747642028766375
FI,2015,3,0,4.343644993162097,0.018355236776793998
FI,2016,3,1.004618063475312,4.037105334196042,0.018662520063420136
FI,2017,3,0.02753421207501771,3.491875750973743,0.020611466684689123
FI,2018,3,0.09618869703994916,2.8632738129938686,0.08129480399657041
FI,2019,3,0.025575872704996633,2.9076944815797976,0.028114988196951646
FI,2020,3,0.4089780093441728,2.5171224941771055,0.024850897025316954
FI,2021,3,0.1999679923636216,2.3402141284955484,0.027537365444004536
FI,2022,4,5.325210013054086,6.2564540432159905,0.2336483852316936
FI,2023,4,5.248426013343799,6.544396239007913,0.10712395949910085
FR,1995,1,5.558445976557728,5.980199480140973,0.5955978209773699
FR,1996,1,0.5209357939757573,3.9892927393535995,0.3574492384990056
FR,1997,1,0.46486737480514534,4.113455285353943,0.30092552304267883
FR,1998,1,3.14929303561699,5.175030567345525,0.41851788262526196
FR,1999,1,3.5369011490902356,4.738923277444417,0.4208880737423897
FR,2000,1,0.17517228568815918,4.31368750563183,0.2741353139281273
FR,2001,1,1.7094212747799007,3.671845357671913,0.5957171817620596
FR,2002,1,0.3889751208119468,3.8826422482687426,0.6541496167580286
FR,2003,1,0,4.145389145011511,0.9599085201819738
FR,2004,1,0.04053345076151331,3.998015085250475,0.5838978166381518
FR,2005,2,0.13554915045219942,3.160942870567079,0.46112342675526935
FR,2006,2,0.00994685563000092,3.423200895636922,0.515132948756218
FR,2007,2,0,3.84231022659335,0.35730460782845813
FR,2008,2,0,3.5210073150715173,0.3795732172826926
FR,2009,2,0.08933515330856838,3.9549823546935383,0.3408428318798542
FR,2010,2,0,3.3743504771600454,0.30200184881687164
FR,2011,2,0.025698499892321917,4.3638857488571405,0.5031813060243925
FR,2012,2,0.07676624796696996,4.786486913718699,0.3687548985083898
FR,2013,2,0.013279283169719765,5.000033976825984,0.4823317254583041
FR,2014,3,0.41555194176667054,5.072535323474535,0.4922422344485919
FR,2015,3,0,4.773935074271856,0.9657821903626124
FR,2016,3,0.10094660815199029,4.657893126777247,0.7489193926254908
FR,2017,3,0.14275601795254442,4.105607277504393,0.551187368730704
FR,2018,3,0.03443196013935392,3.4565937558621047,0.5586947947740555
FR,2019,3,0.4191014906269849,4.064708959228447,0.48658857494592667
FR,2020,3,0.004138315855336756,3.614149189025976,0.45104282225171727
FR,2021,3,0.012857423629639597,2.508453407411022,0.47776849443713826
FR,2022,4,4.312328859747507,5.160670138302429,0.920625165104866
FR,2023,4,4.205682332252502,5.513180745411445,0.5891667132576307
GB,1995,1,4.099568042192897,4.39018149863174,0.7025662536422411
GB,1996,1,0.5458696982193677,2.358543469985431,0.6455024853348732
GB,1997,1,0.10652937693337662,2.4998087759549485,0.5981034561991692
GB,1998,1,1.655411652029233,3.463134070843028,0.970256581902504
GB,1999,1,2.0485747724584207,2.983246413392,0.9120942503213882
GB,2000,1,0.03457517670433576,2.4654339600248747,0.639164167145888
GB,2001,1,0.6008860678778595,1.8883045953464324,1.8637569348017375
GB,2002,1,0.11790498160927222,2.0784360094694145,1.6815312306086223
GB,2003,1,0,2.3025213518612624,2.2851849297682443
GB,2004,1,0.008377116129291814,2.1861190463803997,1.3640209039052327
GB,2005,2,0.027715320268254608,1.4944924258835681,1.241415614883105
GB,2006,2,0.00725944858708334,1.6705765279653466,1.2707550128300984
GB,2007,2,0,2.0127300008888587,1.018175294001897
GB,2008,2,0,1.775757559465204,0.7258659303188324
GB,2009,2,0.09988039805996315,2.248108667667019,0.7626926253239313
GB,2010,2,0,1.645460126037715,0.8638160824775696
GB,2011,2,0.003910634914687284,2.356490262184857,0.9524019360542297
GB,2012,2,0.030113040191097663,3.0597943953856603,0.8371571699778239
GB,2013,2,0.009971024096438592,3.283911582008827,0.9031898925701777
GB,2014,3,0.21592869583748303,3.4624348760430155,1.0265032400687535
GB,2015,3,0,3.1514624521751124,0.9989469349384308
GB,2016,3,0.08068298431546585,2.9564898405570426,0.9006747057040533
GB,2017,3,0.023800545916238775,2.4708059795160837,0.9144709358612696
GB,2018,3,0.008915015477162683,1.8527634152033106,1.0689780513445537
GB,2019,3,0.5265890341390446,2.2898755163894178,0.9725230584541956
GB,2020,3,0.018629694382154234,1.7570914523665313,0.7453187753756841
GB,2021,3,0.010978860973860366,1.1710055419006635,0.8197903831799825
GB,2022,4,3.53785791706169,4.3352910420973325,1.7720248301823933
GB,2023,4,3.422492508863573,4.626716642591564,1.2341475437084835
HU,1995,1,6.517581512514702,6.591056794718806,0.042291074991226196
HU,1996,1,0.46133708111328553,3.526538744306371,0.030715999426320195
HU,1997,1,0.9880312383080094,3.420638266349418,0.039285156332577266
HU,1998,1,4.156734326409747,4.609985354221872,0.018142787739634514
HU,1999,1,4.679587806056583,4.875557183930587,0.05368556322840353
HU,2000,1,0.43777286188673087,2.827536113555228,0.014190565969329327
HU,2001,1,2.6031862221714976,3.181785347702284,0.03217130798536042
HU,2002,1,0.33542998145333525,2.7515566227941406,0.019906305397550266
HU,2003,1,0,2.8730348142133986,0.024780183215625584
HU,2004,1,0.004916165733148442,3.156609166201514,0.01287574014471223
HU,2005,2,0.35645822548146044,2.9281230586328153,0.009728547166256854
HU,2006,2,0.04813121484956679,3.32571701033538,0.013298341150706014
HU,2007,2,0,3.104128522955271,0.01080810542528828
HU,2008,2,0,3.069824126171165,0.010877927338394025
HU,2009,2,0.26888544846512136,3.0458522337802885,0.010139544494450092
HU,2010,2,0,2.6112573364860565,0.008080896087146053
HU,2011,2,0.06720115739495965,3.7507887668463757,0.006062166532501578
HU,2012,2,0.2634723117669542,5.842289136080298,0.00910893230078121
HU,2013,2,0.06514226968250833,6.203153572696767,0.005677605338860303
HU,2014,3,1.5620400084633992,6.370704156958027,0.04233468339468042
HU,2015,3,0,6.016690252010235,0.05643506099780401
HU,2016,3,0.30850878616332084,5.793903772349982,0.0402956532780081
HU,2017,3,0.3650718648378889,5.29658394693488,0.026346048340201378
HU,2018,3,0.11118974190573273,4.598905632760089,0.029317584858896833
HU,2019,3,0.05392597081243157,4.618801549493976,0.030125843283409875
HU,2020,3,0.006173842347798134,4.089466043539151,0.024650079275791843
HU,2021,3,0.05203795713993317,3.611929566926443,0.038915958954021335
HU,2022,4,6.355078071889119,7.232096718702155,0.20807504343489805
HU,2023,4,6.272466242165229,7.56324130812787,0.09423205691079299
IT,1995,1,6.353932189990445,6.643889159392513,0.1047229915857315
IT,1996,1,0.5095662598755406,4.394158594072481,0.07936676902075608
IT,1997,1,1.0914128373586578,4.450242743257197,0.07294174966712792
IT,1998,1,4.325529967062326,5.609643319038522,0.1229485897347331
IT,1999,1,4.679601343416085,5.383858820751574,0.184957359607021
IT,2000,1,0.5426429951753392,4.625282576362869,0.061826944972078
IT,2001,1,2.8824200573416454,4.250693698463122,0.2015060167759657
IT,2002,1,0.2882648505851745,4.272868552531095,0.15557333268225193
IT,2003,1,0,4.51131275579241,0.20673228800296783
IT,2004,1,0.03900370158073193,4.441623049299652,0.170833270996809
IT,2005,2,0.5055595437544228,3.73563475738467,0.12322016557057698
IT,2006,2,0.014088708843976198,4.154565409217049,0.14481687856217226
IT,2007,2,0,4.350954253456081,0.10265755032499631
IT,2008,2,0,4.05764670029254,0.08237739466130733
IT,2009,2,0.10276938648631306,4.424997844043729,0.08859620864192645
IT,2010,2,0,3.8342838750076838,0.07513660440842311
IT,2011,2,0.11705087098340075,5.353040729452903,0.20948001990715662
IT,2012,2,0.23704315327838954,6.1383411573733495,0.08141554364313681
IT,2013,2,0.0189312154361249,6.463470907175267,0.1082749745498101
IT,2014,3,0.6630584556512883,6.478285272713515,0.15704582507411638
IT,2015,3,0,6.139715693692943,0.1393066436673204
IT,2016,3,0.23114796815321983,6.052080472831968,0.14858478059371313
IT,2017,3,0.5478547678012721,5.485184790343089,0.12278320950766404
IT,2018,3,0.1400070460829981,4.818955294818336,0.1532422478000323
IT,2019,3,0.12815560031048928,5.282290789220638,0.12568686778346697
IT,2020,3,0.0031465428893937388,4.796658673913643,0.16271815076470375
IT,2021,3,0.016657293913399512,3.6230701427719896,0.12366644044717152
IT,2022,4,4.957759987734606,5.941298718513975,0.35032626303533715
IT,2023,4,4.8685410864137895,6.408919595580242,0.17496665753424168
NL,1995,1,4.69445007044101,4.875379830811882,0.1028599909817179
NL,1996,1,0.39793696999263084,2.385975139971608,0.04029073085015019
NL,1997,1,0.18761649353125878,2.445988474607334,0.04061677912250161
NL,1998,1,2.168429023196902,3.4866106560484087,0.03833260092263421
NL,1999,1,2.6012922604271216,3.255367139890202,0.0599641107643644
NL,2000,1,0.06260314619061962,2.4831426080606955,0.03278365762283405
NL,2001,1,0.9200713692265503,2.0359697207036875,0.12083773330474894
NL,2002,1,0.14458478254602541,2.125866362747225,0.0986102819442749
NL,2003,1,0,2.344667998859749,0.1108976708104213
NL,2004,1,0.005738675690345292,2.2721714018523946,0.10840208704272906
NL,2005,2,0.050760160121899996,1.6442533425878065,0.0866420140179495
NL,2006,2,0.013491183375350659,1.8736142763098063,0.07699704015006621
NL,2007,2,0,2.1345965904873707,0.06259294661382835
NL,2008,2,0,1.9133004920516563,0.05929037369787693
NL,2009,2,0.14048739286817524,2.257295105966292,0.065225877178212
NL,2010,2,0,1.7446880098119848,0.07548911791915695
NL,2011,2,0.007153406838607129,2.529634081341568,0.05104723037220538
NL,2012,2,0.05701964428431905,3.57785903471382,0.04916208051145077
NL,2013,2,0.01802717683513817,3.8599611396545472,0.057691731645415224
NL,2014,3,0.4073376845757498,4.07201443688714,0.11840384422490995
NL,2015,3,0,3.738828796365077,0.07068297468746702
NL,2016,3,0.11381019919729593,3.530040878494731,0.08804500723878543
NL,2017,3,0.04340711056958888,3.0269993750690327,0.07625924982130527
NL,2018,3,0.015489052170846462,2.384182101747827,0.07018562437345584
NL,2019,3,0.3561213007229366,2.6509400606655635,0.07773799635469913
NL,2020,3,0.008910723856906515,2.1779848138520705,0.07846286861846845
NL,2021,3,0.018709393727089924,1.6086910372353682,0.07192193530499935
NL,2022,4,4.2560028758470265,5.058604036128351,0.17889885666469732
NL,2023,4,4.137325119454429,5.348035289660258,0.12523365703721842
NO,1995,1,3.612758794059407,3.764775883193554,0.04746461551015576
NO,1996,1,0.1410867983739633,1.512252793811878,0.047801575157791376
NO,1997,1,0.07619187697680031,1.499760932299464,0.049183039246903114
NO,1998,1,1.3744910232031131,2.2892744215149445,0.04080673803885778
NO,1999,1,1.788090526019074,2.2036446878641858,0.04981425575291117
NO,2000,1,0.02507529910188273,1.2088734022877317,0.050460650896032654
NO,2001,1,0.4590876215739361,1.0356310456084103,0.0757195142408212
NO,2002,1,0.21908288512282675,1.0770494979990863,0.08703233581036329
NO,2003,1,0,1.156927720055042,0.05398280235628287
NO,2004,1,0.0011899979279194452,1.2479082685621976,0.0376998915647467
NO,2005,2,0.047059339132351004,0.9806499718588535,0.03191204438917339
NO,2006,2,0.031515506319372645,1.1534899054184704,0.04640824425344666
NO,2007,2,0,1.1660188031215635,0.03345026262104511
NO,2008,2,0,1.118347148830588,0.025898141243184607
NO,2009,2,0.37523258903615775,1.3634575086088927,0.025736604584380984
NO,2010,2,0,0.8800333050813316,0.034906204246605434
NO,2011,2,0.0032353374169618214,1.4835904421771458,0.04166937588403622
NO,2012,2,0.10049084809084788,3.101471359059943,0.03373307406824703
NO,2013,2,0.04803858143319963,3.426652740653628,0.04500244363831977
NO,2014,3,0.4778421719857451,3.8466098449241617,0.05029806448146701
NO,2015,3,0,3.4940480185103158,0.045470029736558594
NO,2016,3,0.3205859185938775,3.2293415344475265,0.04411680934329828
NO,2017,3,0.020540474636497854,2.720435135941987,0.04114677105098963
NO,2018,3,0.03242521156105355,2.1039608634889357,0.038239790010266006
NO,2019,3,0.11949575166143324,2.2031261638302753,0.08362865789482991
NO,2020,3,0.44396890406955547,1.8495000141703906,0.04111199100346615
NO,2021,3,0.046318296112962926,1.501443181491435,0.06736681563779712
NO,2022,4,4.441103747196935,5.257023888610781,0.16171846662958464
NO,2023,4,4.3221321909902,5.526686593436124,0.10584220197051764
PL,1995,1,5.739462410498964,5.855920863116106,0.05103359774996837
PL,1996,1,0.3163267097111656,3.3055132463233496,0.04794879622446994
PL,1997,1,0.6199630457210259,3.1655542240286034,0.056693284617116056
PL,1998,1,3.4923135865595247,4.055341728221425,0.02851551507289211
PL,1999,1,4.019003163158769,4.276833066438573,0.037493656389415264
PL,2000,1,0.2539656990439724,2.366697783364433,0.016887471312657
PL,2001,1,2.016449796512063,2.6696892618398196,0.048128083891545735
PL,2002,1,0.603414530573554,2.4044158662697948,0.04080363137957951
PL,2003,1,0,2.475918724928949,0.07160549766073625
PL,2004,1,0.002947837007421122,2.8612264694989737,0.07192324132968982
PL,2005,2,0.2992904726530751,2.723568873436736,0.042753991981347404
PL,2006,2,0.10436578757248309,3.0670343840917202,0.0386975024205943
PL,2007,2,0,2.8118555691602602,0.072328122643133
PL,2008,2,0,2.842362604352541,0.0735241846802334
PL,2009,2,0.6693021289246189,2.7804182543294425,0.0712341779532532
PL,2010,2,0,2.350518587242163,0.038192089879885316
PL,2011,2,0.04315337124717288,3.2887304635423953,0.023711932629036408
PL,2012,2,0.3750180183083097,5.609364973672005,0.026965181692503393
PL,2013,2,0.13718887827776263,5.9706034891201085,0.022110389681377757
PL,2014,3,1.827183204234884,6.235414237840729,0.13712268260618052
PL,2015,3,0,5.87799687619415,0.06916598440147936
PL,2016,3,0.5648940339052754,5.626693661734939,0.09487279287228982
PL,2017,3,0.2501523024578788,5.124191774955554,0.07600001059472561
PL,2018,3,0.10485547055469106,4.426576007405301,0.07417188305407763
PL,2019,3,0.09284038981869427,4.427384218385672,0.07064726017415524
PL,2020,3,0.0227043553646354,3.9083486087248063,0.05951321745912234
PL,2021,3,0.1330347315322482,3.554692014681296,0.15414279699325562
PL,2022,4,6.593765027536911,7.407082856321419,0.6736554565529028
PL,2023,4,6.479530379301466,7.695337024375503,0.21994574864705405
PT,1995,1,3.0513831181068762,4.648602184849021,0.016552565890985232
PT,1996,1,0.07568423727823459,3.4485396925011376,0.015110168547835201
PT,1997,1,0.0429954582288638,3.7003291135545107,0.01957536560560887
PT,1998,1,1.0945100648830552,4.7362522298823935,0.03353889628003041
PT,1999,1,1.249517747015707,3.997719190293461,0.04830190857561926
PT,2000,1,0.014017099558427858,3.877491120396591,0.02440581105959912
PT,2001,1,0.2879220807948657,3.0033433456379806,0.01867816469166428
PT,2002,1,0.3101242490519153,3.3942186809412127,0.023968881306548912
PT,2003,1,0,3.6367223472607417,0.04160077955263356
PT,2004,1,0.11528788838312959,3.4125841709218676,0.018890898015039664
PT,2005,2,0.010681345152048676,2.5170342690052747,0.015207773656584322
PT,2006,2,6.256114562232099e-4,2.567847103572327,0.011069351593808582
PT,2007,2,0,3.0776366390980767,0.01836039622624715
PT,2008,2,0,2.824678956144368,0.03516794582052777
PT,2009,2,0.006147204094123063,3.237158324853231,0.031396598322317004
PT,2010,2,0,2.689855137357942,0.04381025730011364
PT,2011,2,0.00196559734808576,3.1669211441832563,0.03355215551952521
PT,2012,2,0.00552372923623831,3.135806220165543,0.01862937945406884
PT,2013,2,8.36325120092068e-4,2.9749277224941326,0.010693513225608816
PT,2014,3,0.03359405486872405,2.9662119048542692,0.018095328006893396
PT,2015,3,0,2.827828138354979,0.023691170460854966
PT,2016,3,0.007335275332602174,2.6570455675036597,0.025777318126832444
PT,2017,3,0.011428519101881708,2.2330192356522014,0.023041576069469254
PT,2018,3,0.0025390370962254448,1.5534832470435165,0.013757176037567357
PT,2019,3,0.06437598375958783,2.2833047314066923,0.01471258862875402
PT,2020,3,3.6149236796411945e-4,2.025949158023033,0.011928610891724626
PT,2021,3,8.206050626369482e-4,1.1490912407318579,0.011788071986908713
PT,2022,4,1.7955683647791443,2.606793801130112,0.02577875255762289
PT,2023,4,1.714436033836609,2.941203659237555,0.01975404502203067
