country,year,regime,defence_gdp,threat_land_log,threat_score_log,debt_gdp,deficit_gdp,gdp_growth,immigration_rate,gov_left_right,gov_eu_position,election_year
BE,1995,1,1.5446405538339,4.8136183187583095,5.0173888837177065,131.286047,-4.50848,NA,NA,4.386168292682926,8.446514634146341,1
BE,1996,1,1.51931684175109,0.43306260511074873,2.5849672912280526,129.003957,-4.002557,1.3,NA,4.386168292682926,8.446514634146341,0
BE,1997,1,1.4578661900969,0.20829734692113208,2.6593774952156735,124.271199,-2.151218,3.8,NA,4.386168292682926,8.446514634146341,0
BE,1998,1,1.41739581246631,2.271951313676346,3.7081450862320224,119.185897,-1.025131,2,8.22309940166385,4.386168292682926,8.446514634146341,0
BE,1999,1,1.39393068975137,2.70147973224112,3.4361889269441503,115.361854,-0.648183,3.5,8.97065055035603,4.658259574468085,8.283031914893618,1
BE,2000,1,1.35086536826323,0.06997925409458881,2.7339010514132287,109.589041,-0.079454,3.7,8.730076955118548,4.658259574468085,8.283031914893618,0
BE,2001,1,1.28352328807131,0.9923201054547546,2.23859592527905,108.216846,0.232773,1.1,10.757628991678597,4.658259574468085,8.283031914893618,0
BE,2002,1,1.22376131677303,0.13370011478011895,2.354577648442591,105.43668,-0.043549,1.7,11.043650533840621,4.658259574468085,8.283031914893618,0
BE,2003,1,1.22119401053058,0,2.5870472774661395,101.659311,-1.86404,1,10.820943227804513,4.98761443298969,8.22531443298969,1
BE,2004,1,1.15659439046667,0.00751767581737449,2.4966656722405776,97.169665,-0.238629,3.6,11.276572966793092,4.98761443298969,8.22531443298969,0
BE,2005,2,1.09664118158572,0.05139707425514198,1.8165280507523798,95.14187,-2.715128,2.3,12.714137630898849,4.98761443298969,8.22531443298969,0
BE,2006,2,1.05612306878486,0.009417959531940015,2.0484384470523076,91.494413,0.239704,2.6,13.099990086936236,4.98761443298969,8.22531443298969,0
BE,2007,2,1.09801876439276,0,2.351815741354074,87.324624,0.066556,3.7,13.832351995846015,5.73790198019802,8.398218811881188,1
BE,2008,2,1.22191451658895,0,2.107274899429187,93.159779,-1.09543,0.4,NA,5.597470212765957,8.552659574468086,0
BE,2009,2,1.16353003394252,0.09422071951756705,2.4714838024230343,99.853049,-5.447625,-1.9,NA,5.597470212765957,8.552659574468086,0
BE,2010,2,1.09018110220613,0,1.950765501335749,100.245016,-4.13325,2.7,12.479906419844086,4.9158414285714285,8.450742857142858,1
BE,2011,2,1.04450113453523,0.008044637462952958,2.742496450955096,102.735335,-4.441435,1.9,13.39713205724977,4.91728817204301,8.421448387096774,0
BE,2012,2,1.0370296665755,0.04577225038782138,3.685883200375794,104.334736,-4.348423,0.2,11.689987142341352,4.91728817204301,8.421448387096774,0
BE,2013,2,1.0045200869807,0.012572835354823184,3.954716633248286,105.032475,-3.16365,0.3,10.780955315571754,4.91728817204301,8.421448387096774,0
BE,2014,3,0.966272329768275,0.3563600846521958,4.117908429312421,106.554985,-3.175186,1.8,11.01509367811363,5.100331958762887,8.43209175257732,1
BE,2015,3,0.911829965009217,0,3.7924679505354195,105.572054,-2.475417,1.5,13.048182326069472,5.100331958762887,8.43209175257732,0
BE,2016,3,0.898085290562566,0.08083167114752496,3.6008559699227276,105.475101,-2.430946,1.2,10.9363204359039,5.100331958762887,8.43209175257732,0
BE,2017,3,0.886837200658898,0.048430159518910935,3.0978939457602146,102.485296,-0.763247,1.5,11.161561584417948,5.100331958762887,8.43209175257732,0
BE,2018,3,0.892442476666613,0.01459447787153161,2.4458580956648976,100.078347,-1.048288,1.9,12.094479413197545,6.454861538461539,8.63073076923077,0
BE,2019,3,0.887004950933882,0.38808537506306173,2.755000795366101,97.572615,-2.047947,2.4,13.09464896352579,6.497594736842106,8.633647368421052,1
BE,2020,3,1.00592796693225,0.005223946754842562,2.282515600973793,111.245283,-9.034674,-4.8,10.300162118440191,6.497594736842106,8.633647368421052,0
BE,2021,3,1.04263994220028,0.012740143973109633,1.6312524346265427,108.540511,-5.402028,6.3,12.093969527901342,6.497594736842106,8.633647368421052,0
BE,2022,4,1.16246551287247,4.114809691391569,4.929702267263786,103.140338,-3.601688,4,17.93447764658915,6.497594736842106,8.633647368421052,0
BE,2023,4,1.18422875211757,4.002938589941859,5.233319318410078,102.190824,-4.006667,1.6,14.443664013238415,6.497594736842106,8.633647368421052,0
BG,1995,1,1.63834575680207,6.044257094420996,6.300927912175082,NA,NA,NA,NA,2.8982,8.6402,0
BG,1996,1,1.73742958266484,0.6490350682759495,4.57654244088886,NA,NA,5.2,NA,2.8982,8.6402,0
BG,1997,1,2.15948029978631,1.3480128434727263,4.371843288484864,NA,NA,-14.1,NA,6.1111,8.3,1
BG,1998,1,2.13151621324202,4.673728341348861,5.134610822861428,67.321884,1.083646,3.8,NA,6.1111,8.3,0
BG,1999,1,2.61950116392104,5.132442719579161,5.3767395306718635,78.670921,0.150669,-8.4,NA,6.1111,8.3,0
BG,2000,1,2.65245576158903,0.7886631614888922,3.1417675521514874,73.341434,-0.604753,4.6,NA,6.1111,8.3,0
BG,2001,1,2.86251954387639,3.2974041172194495,3.9188220773712668,67.060381,-0.580088,3.8,NA,5.581863829787235,9.296548936170213,1
BG,2002,1,2.77967655484011,0.24872399400429826,3.515474304220833,53.403928,-0.61432,5.9,NA,5.581863829787235,9.296548936170213,0
BG,2003,1,2.69120147161229,0,3.4946771324090995,45.427812,0.002552,5.2,NA,5.581863829787235,9.296548936170213,0
BG,2004,1,2.3737116819405,0.0035990320023709965,4.0749109427952845,37.763508,1.593251,6.5,NA,5.581863829787235,9.296548936170213,0
BG,2005,2,2.23535026726367,0.900375727277576,4.0322659566205745,28.471562,2.187148,7.1,NA,4.1335662721893485,8.936073372781065,1
BG,2006,2,2.08176190777138,0.03531350160811011,4.53558347340666,22.608321,3.221086,6.8,NA,4.1335662721893485,8.936073372781065,0
BG,2007,2,2.22853990097534,0,4.0508356858013155,17.587739,3.086316,6.7,0.2061359311302627,4.1335662721893485,8.936073372781065,0
BG,2008,2,2.13186398257533,0,4.083006635854777,14.701896,2.731506,6.1,NA,4.1335662721893485,8.936073372781065,0
BG,2009,2,1.73951150062383,0.1514258463166245,3.840200171336019,14.540397,-0.855506,-3.3,NA,8.8,2.3,1
BG,2010,2,1.64246152423714,0,3.4866352308236546,14.063944,-3.769372,1.6,NA,8.8,2.3,0
BG,2011,2,1.31400025609446,0.2325139494695661,4.655200018212402,14.334639,-1.833791,2.1,NA,8.8,2.3,0
BG,2012,2,1.32981896505284,0.49628926110190086,7.2729727973078715,16.545379,-0.434167,0.7,1.9247398469051853,8.8,2.3,0
BG,2013,2,1.45404283053363,0.0501260109665093,7.644511036165124,17.164648,-1.751551,-0.5,2.5782513874241313,3.40358,8.75096,1
BG,2014,3,1.30960223173333,1.3760548913581592,7.6668799835653845,26.266125,-3.651851,0.9,3.7393994733790303,8.014406779661018,3.9322033898305087,1
BG,2015,3,1.24593360652028,0,7.316704261608772,25.358669,-2.774585,3.4,3.5880671836169165,8.014406779661018,3.9322033898305087,0
BG,2016,3,1.24384580804927,0.4526961408553261,7.122907163967384,27.007124,1.539685,3,3.061210225056094,8.014406779661018,3.9322033898305087,0
BG,2017,3,1.22220854798635,0.9854123451419058,6.6481857376647655,22.919199,0.823443,2.7,3.7370512786447163,8.8,2.3,1
BG,2018,3,1.45106212373153,0.32306924249520924,5.92121530697035,20.146616,0.123391,2.3,4.374303913121846,8.8,2.3,0
BG,2019,3,3.14495072906354,0.016327250031276528,5.826191320747689,18.4159,-0.962889,3.8,5.691475481518573,8.8,2.3,0
BG,2020,3,1.58561827051115,0.0026625579757707215,5.252747330379635,22.73515,-2.919191,-3.1,5.6876900418996,8.8,2.3,0
BG,2021,3,1.5107237100085,0.03191550170431551,4.719058735295846,23.850377,-2.802418,7.8,6.041073667235294,5.125701607347876,7.046431241519674,1
BG,2022,4,1.58707500372134,6.376819923102226,7.575837673374709,22.485123,-0.80027,4.1,6.2659622453368184,5.125701607347876,7.046431241519674,1
BG,2023,4,1.94458310651254,6.366637249330519,8.028675213533713,22.93062,-3.039573,1.7,8.810414860469843,6.726451821862349,3.9124565960355437,1
CZ,1995,1,1.75885533074022,5.9318441798699,6.019105849890987,13.476376,-12.27775,NA,NA,7.182400952380952,5.959033333333333,0
CZ,1996,1,1.65758607725057,0.3260433567437841,3.03360622654638,11.506143,-2.976112,4.2,NA,7.0480212121212125,5.740111111111112,1
CZ,1997,1,1.5803034972859,0.6177430487550465,2.972741618670793,12.123598,-3.136465,-0.6,NA,7.0480212121212125,5.740111111111112,0
CZ,1998,1,1.73559766220785,3.4940217072544764,4.11299064137351,13.876998,-4.138626,-0.4,NA,6.355564516129031,8.556870967741936,1
CZ,1999,1,1.83868741109923,3.9958742674967453,4.265299385880463,15.087848,-3.080438,1.4,NA,6.355564516129031,8.556870967741936,0
CZ,2000,1,1.86147018377297,0.2405164069823323,2.615113959623941,16.894528,-3.546943,4,NA,6.355564516129031,8.556870967741936,0
CZ,2001,1,1.73552829284443,1.9833982696073162,2.6819188582142734,22.596885,-5.757235,2.9,1.2625064417832361,6.355564516129031,8.556870967741936,0
CZ,2002,1,1.80901146474017,0.2854864530917314,2.4213020063276005,25.703152,-6.344912,1.5,4.379786577673058,4.020221782178218,8.617976237623763,1
CZ,2003,1,1.87752210665196,0,2.585927038955365,28.061586,-6.874813,3.3,5.888066978466539,4.020221782178218,8.617976237623763,0
CZ,2004,1,1.69964346518547,0.004628129174004743,2.744809472471668,28.288733,-2.404999,4.7,5.2428818754280755,4.020221782178218,8.617976237623763,0
CZ,2005,2,1.7772578503284,0.19581145972091543,2.4144526601625795,27.677815,-3.061159,6.4,5.9118401036194745,4.020221782178218,8.617976237623763,0
CZ,2006,2,1.56811468416419,0.03884091770927731,2.7555501390696833,27.564803,-2.185821,6.6,6.669192201516163,7.3637,4.456,1
CZ,2007,2,1.4247883319863,0,2.673231550674384,27.34598,-0.677898,5.5,10.185549713957153,6.967264,5.1793450000000005,0
CZ,2008,2,1.23408817792114,0,2.5863981864682475,28.154947,-1.998854,2.6,10.467232217732196,6.967264,5.1793450000000005,0
CZ,2009,2,1.31349218921279,0.2654568819235447,2.672913884155213,33.430499,-5.45626,-4.8,7.253172255743285,0,0,0
CZ,2010,2,1.18289778802227,0,2.2158043116936885,36.70009,-4.14416,2.7,4.618294168429858,7.09109652173913,6.479721739130435,1
CZ,2011,2,1.06914296806992,0.03194709273702309,3.22426611630388,39.401957,-2.711828,1.8,2.5855531146932256,7.09109652173913,6.479721739130435,0
CZ,2012,2,1.05560770651415,0.17942684017100802,5.1388095267418645,43.835303,-3.917506,-0.8,3.268495527795348,7.26645306122449,6.1378775510204076,0
CZ,2013,2,1.00870446252121,0.05186192020432607,5.4907172353305524,44.141092,-1.298509,0,2.864553245610907,0,0,1
CZ,2014,3,0.959115722257081,1.2259337548191775,5.6921069421213515,41.54618,-2.0934720000000002,2.2,2.84396959443873,4.645527927927928,8.607963963963964,0
CZ,2015,3,0.941202924537164,0,5.340682012218773,39.469493,-0.66574,5,2.808998626435541,4.645527927927928,8.607963963963964,0
CZ,2016,3,0.986634400365061,0.2492162283831431,5.114003676142382,36.232214,0.684881,2.6,6.0720061876986415,4.645527927927928,8.607963963963964,0
CZ,2017,3,0.943984411925526,0.1866790388453049,4.612385173934446,33.781826,1.460301,5.2,4.901019206300892,6,8.7,1
CZ,2018,3,1.07552668819544,0.05996026692966591,3.9176934414552016,31.677756,0.881501,2.8,6.212031888618863,5.523596774193548,8.678177419354839,0
CZ,2019,3,1.13323967641325,0.11569197141331478,3.9745995086637143,29.551736,0.282754,3.6,9.942721929050311,5.523596774193548,8.678177419354839,0
CZ,2020,3,1.295406324775,0.00820965091555232,3.4609660240808644,36.882939,-5.649743,-5.3,5.900071058942827,5.523596774193548,8.678177419354839,0
CZ,2021,3,1.35325325729994,0.04630441666221039,2.9937839377283604,40.692005,-4.951175,4,6.608964637465512,6.46391047008547,7.251981902356902,1
CZ,2022,4,1.32690210545667,5.849255554242757,6.681666806217606,42.520375,-3.068779,2.8,33.035911336124514,6.46391047008547,7.251981902356902,0
CZ,2023,4,1.47176821017418,5.744391685583686,6.987589455762912,42.222554,-3.734711,0,13.128480191556172,6.46391047008547,7.251981902356902,0
DE,1995,1,1.48727246874621,5.934835624907237,6.0454636252837926,54.893338,-9.436663,1.5,NA,6.205229618768329,8.500070674486803,0
DE,1996,1,1.45737175283167,0.4140736155859109,3.0788372971232727,57.721201,-3.638414,1,NA,6.205229618768329,8.500070674486803,0
DE,1997,1,1.40270759051929,0.5438355063212762,3.1199662673883735,58.825781,-3.027227,1.9,NA,6.205229618768329,8.500070674486803,0
DE,1998,1,1.38165698909139,3.335303564055038,4.294308996822714,59.438266,-2.649544,2.1,9.779205840829988,3.5477895652173905,7.88797420289855,1
DE,1999,1,1.38034779906259,3.7966255857694877,4.235946226775045,60.349213,-1.866467,2.1,10.654008347524996,3.5477895652173905,7.88797420289855,0
DE,2000,1,1.34421581953972,0.20401276316745826,3.1020629218855875,59.238799,-1.714311,2.9,10.237614706534746,3.5477895652173905,7.88797420289855,0
DE,2001,1,1.30789826898647,1.838111345842653,2.821112844496637,58.061561,-3.124621,1.6,10.68832867288098,3.5477895652173905,7.88797420289855,0
DE,2002,1,1.31344033426945,0.2940585548192727,2.7711172895362965,59.823106,-4.086158,-0.2,10.220036899667614,3.5167127450980393,7.873978104575164,1
DE,2003,1,1.2986963477858,0,2.9820830098503452,63.344326,-3.829508,-0.5,9.31676679992459,3.5167127450980393,7.873978104575164,0
DE,2004,1,1.25072808117217,0.00966832260626698,2.959027545814412,64.964894,-3.421004,1.2,9.45303773141828,3.5167127450980393,7.873978104575164,0
DE,2005,2,1.23275583821682,0.15640723235596452,2.368265663168838,67.120191,-3.370842,0.9,8.573875403391304,4.959330357142856,8.219647321428571,1
DE,2006,2,1.17898651377886,0.033642754923726606,2.681169233544232,66.396722,-1.755187,3.9,8.028518888650797,4.959330357142856,8.219647321428571,0
DE,2007,2,1.15279236258074,0,2.8353747141807664,63.687053,0.154865,2.9,8.270263954380267,4.959330357142856,8.219647321428571,0
DE,2008,2,1.1888700534429,0,2.6316504769293094,65.170318,-0.262969,0.9,8.296812770688677,4.959330357142856,8.219647321428571,0
DE,2009,2,1.2847898688108,0.30779571191147004,2.924677236253835,72.362378,-3.17594,-5.5,4.222025035475809,6.158700602409638,8.497665963855422,1
DE,2010,2,1.24181027958074,0,2.395730906967962,81.033702,-4.420975,4.1,4.939411390568356,6.158700602409638,8.497665963855422,0
DE,2011,2,1.18233731589884,0.024838557995980195,3.357690769287392,78.483678,-0.839998,3.8,6.10084021148047,6.158700602409638,8.497665963855422,0
DE,2012,2,1.21725965761789,0.14988532073976377,4.729102173186619,79.834922,-0.054335,0.5,7.371971631276306,6.158700602409638,8.497665963855422,0
DE,2013,2,1.16213791467872,0.0447605828530324,5.051256609221311,77.456706,0.12252,0.4,8.602592830194462,5.2526738095238095,8.28389642857143,1
DE,2014,3,1.12769949450115,0.9013370004906365,5.234857784240239,74.537824,0.73152,2.2,11.128738809091972,5.2526738095238095,8.28389642857143,0
DE,2015,3,1.11541840455009,0,4.887100595370312,71.184083,0.914763,1.7,19.654106010629363,5.2526738095238095,8.28389642857143,0
DE,2016,3,1.12912506140277,0.262685839207777,4.675872795987507,68.301457,1.134104,2.2,12.68603982657449,5.2526738095238095,8.28389642857143,0
DE,2017,3,1.13126090102098,0.14439870073478955,4.165017974146799,63.987807,1.33722,2.8,10.90975480096115,5.251313533834587,8.283598496240602,1
DE,2018,3,1.14814145777047,0.04721059768530739,3.492025851080754,60.757536,1.883123,1.1,10.335592475203416,5.251313533834587,8.283598496240602,0
DE,2019,3,1.24014846331417,0.2619989763723933,3.6620205979039704,58.684187,1.327263,1,10.049938681061697,5.251313533834587,8.283598496240602,0
DE,2020,3,1.35598993512329,0.016171374782009536,3.1683765108508446,68.041916,-4.379695,-4.1,8.015695125901997,5.251313533834587,8.283598496240602,0
DE,2021,3,1.29982374349238,0.045721313944537594,2.57362832635362,67.938295,-3.16728,3.9,9.63695149124531,3.94631875,7.963001442307692,1
DE,2022,4,1.35030514561756,5.324688397982566,6.139612344681246,64.396963,-1.908512,1.8,23.752874979197983,3.94631875,7.963001442307692,0
DE,2023,4,1.48796332620564,5.2091666012313516,6.4393537346151035,62.345976,-2.49446,-0.9,15.679433391129129,3.94631875,7.963001442307692,0
DK,1995,1,1.68675957369556,4.509812731085542,4.638656827362729,71.453829,-3.504455,NA,NA,4.03282,7.5911653333333335,0
DK,1996,1,1.6461435449497,0.2123641583478202,2.114487225698296,68.31606,-2.397192,2.9,NA,3.9236714285714283,7.480048571428571,0
DK,1997,1,1.61872430785355,0.18781029088851622,2.0687122109674365,64.388165,-1.219483,3.2,NA,3.9236714285714283,7.480048571428571,0
DK,1998,1,1.60907118109632,2.1638941553413105,2.9820096264005094,60.318608,-0.282902,2.3,9.702239530412514,3.90835,7.473929999999999,1
DK,1999,1,1.56553651572988,2.6395350955756833,3.0054024364223313,56.788828,1.063756,3,9.454271576378774,3.90835,7.473929999999999,0
DK,2000,1,1.45846561683975,0.06431520563805947,1.7252238609001413,53.552572,1.791727,3.7,9.92773010232607,3.90835,7.473929999999999,0
DK,2001,1,1.53154262127753,0.9253899361217932,1.6200808078945705,50.096446,1.125137,1,10.465840576144673,7.275688888888889,8.749533333333334,1
DK,2002,1,1.50685882049485,0.2774881990931341,1.5628332009415624,50.319806,0.251651,0.5,9.831318873531814,7.275688888888889,8.749533333333334,0
DK,2003,1,1.46466732860503,0,1.682394529202752,48.162303,0.139343,0.4,9.241930956902257,7.275688888888889,8.749533333333334,0
DK,2004,1,1.42024015449579,0.0021118758385035175,1.8175997944030262,46.215143,2.234787,2.8,9.237370406325729,7.275688888888889,8.749533333333334,0
DK,2005,2,1.30811146758176,0.08287141941177217,1.522068103514358,39.359931,5.201691,2.4,9.693970419881712,7.2731257142857135,8.705962857142858,1
DK,2006,2,1.37505574678224,0.04022362549934785,1.7634714379747465,33.191019,5.286422,3.8,10.456090041398747,7.2731257142857135,8.705962857142858,0
DK,2007,2,1.30402280174653,0,1.7332914333971572,29.482647,5.307823,1,11.869837145893106,7.27135625,8.675884374999999,1
DK,2008,2,1.34882681237568,0,1.6807181385470695,35.53918,3.462412,-0.4,10.474651059545552,7.27135625,8.675884374999999,0
DK,2009,2,1.34441225473678,0.37281496748978693,1.8346033215451019,43.048747,-2.74618,-5,9.39861390403362,7.2716738461538455,8.681283076923078,0
DK,2010,2,1.39710181036952,0,1.367907282721405,46.123275,-2.520553,1.6,9.43784511570376,7.2716738461538455,8.681283076923078,0
DK,2011,2,1.3123392890178,0.008418149861239514,2.1252393099882854,49.986205,-1.765509,1.3,9.501264965036324,3.691620779220779,6.727862337662337,1
DK,2012,2,1.35329314051826,0.14158057927418347,3.96248931958643,48.71121,-3.202482,0,9.749815250059314,3.691620779220779,6.727862337662337,0
DK,2013,2,1.22352490397164,0.053555963269718815,4.303108607370725,47.769891,-0.943708,1.4,10.764948163611791,3.691620779220779,6.727862337662337,0
DK,2014,3,1.1497978040996,0.8294767525858063,4.653482168239173,48.712443,1.428043,1.3,12.153037859623776,4.099993442622951,7.550462295081967,0
DK,2015,3,1.11481302624419,0,4.29801905177696,44.550356,-0.895032,2.1,13.868542850655908,7.292,9.0268,1
DK,2016,3,1.15107146564238,0.2917319096305395,4.036237998116358,41.691946,0.3024,3.1,13.033069686264017,6.9667849056603774,8.805392452830189,0
DK,2017,3,1.1399854112558,0.05262023499014784,3.527929105948143,40.152558,1.688993,3.1,11.929336524045409,6.9667849056603774,8.805392452830189,0
DK,2018,3,1.28310489294024,0.030141272374550106,2.866599446477458,38.538748,0.810415,1.9,11.186105282822394,6.9667849056603774,8.805392452830189,0
DK,2019,3,1.29920660644454,0.15892846666097002,2.9416131910066006,38.334642,4.282923,1.7,10.572363699369678,3.8011,7.4311,1
DK,2020,3,1.37376885314973,0.024763997483557537,2.4623654765975798,45.196876,0.362548,-1.8,9.828667249551458,3.8011,7.4311,0
DK,2021,3,1.29155763565745,0.05578242378144579,2.1380920805530206,39.627613,4.07812,6.5,10.871320340853538,3.8011,7.4311,0
DK,2022,4,1.36156457421085,5.175782570927063,5.9796373193729275,33.315414,3.389325,0.4,20.632442427069748,5.098550561797753,8.071588764044943,1
DK,2023,4,1.99961332917573,5.0505339402027545,6.252227499229017,32.964015,3.430142,0.6,16.576729403063116,5.098550561797753,8.071588764044943,0
EE,1995,1,0.930586008373083,3.81889975323197,4.054962751519115,8.65901,-0.256884,NA,NA,6.603171666666666,7.482668333333334,1
EE,1996,1,0.866311409441128,0.06606607549282667,2.2947205970868554,7.297896,-0.930814,4.9,NA,7.222199999999999,8.7,0
EE,1997,1,1.02886453383652,0.1158682260844999,2.1244869836315576,6.033451,2.979279,13.1,NA,7.222199999999999,8.7,0
EE,1998,1,1.05677341127574,1.7084619683868023,2.4850465297798774,5.398273,0.647795,4.3,NA,7.222199999999999,8.7,0
EE,1999,1,1.28040294601413,2.169701689189512,2.594653016808995,5.932743,-3.419697,-0.4,NA,6.613281132075471,8.305596226415094,1
EE,2000,1,1.37613232122576,0.04025893304361901,1.0945887143840511,5.113714,-0.112268,10.1,0.024977698483496878,6.613281132075471,8.305596226415094,0
EE,2001,1,1.50097699373087,0.6543413644898783,1.2664766797391098,4.932599,0.39911,5.9,0.17304267907404217,6.613281132075471,8.305596226415094,0
EE,2002,1,1.65626054354887,0.8764569585326158,1.4853428886909092,5.660165,0.293444,6.9,0.41560957275335925,5.498213043478261,6.404726086956521,0
EE,2003,1,1.73550917444736,0,1.2852675571152596,5.59867,1.665337,7.6,0.7031755611951803,7.458171666666667,8.350719999999999,1
EE,2004,1,1.68718221150394,4.904275373337866e-4,1.815762377778294,5.158687,2.285935,6.8,0.8029277218664227,7.458171666666667,8.350719999999999,0
EE,2005,2,1.44977185113693,0.20396303230391022,1.819589908976288,4.733175,1.065094,9.5,1.0567759502520513,5.339505,6.366733333333333,0
EE,2006,2,1.38733380120574,0.17551050190462605,1.992562491721141,4.71662,2.706271,9.8,1.6539572073739544,5.339505,6.366733333333333,0
EE,2007,2,1.65723646617002,0,1.7703617506479106,3.908022,2.503404,7.6,2.7857206683942457,7.469111666666667,8.661655,1
EE,2008,2,1.76710636308365,0,1.9270566000444111,4.672987,-2.921862,-5.1,2.7427452855563192,7.469111666666667,8.661655,0
EE,2009,2,1.79897241682054,1.253065103771572,2.0860639927080085,7.975919,-3.428414,-14.6,2.9077515085271086,8.124634,8.834346,0
EE,2010,2,1.70034915217706,0,1.442481838822322,7.990226,-1.087896,2.4,2.1075684959761194,8.124634,8.834346,0
EE,2011,2,1.67245488569073,0.007413121091082559,2.034264288619762,7.596528,0.085724,7.6,2.789434893130575,8.143041071428572,8.855591071428572,1
EE,2012,2,1.87984897526434,0.48603720359568764,4.317372676399999,11.146951,-0.855918,3.7,1.9913719790796525,8.143041071428572,8.855591071428572,0
EE,2013,2,1.88381591331462,0.23233588239499536,4.66732546959416,11.43492,-0.66432,1.8,3.1124802960833047,8.143041071428572,8.855591071428572,0
EE,2014,3,1.89535477779564,1.2736259015108569,5.270050332858742,11.563137,0.41527,3.3,2.9669734211164305,6.543003846153845,8.288948076923077,0
EE,2015,3,1.98944501754528,0,4.902316179993339,10.789643,-0.242415,1.8,11.736343831547334,7.097055932203389,8.539030508474577,1
EE,2016,3,2.02803563355143,1.0485614828450434,4.589372057383784,10.239326,-0.61833,3.1,11.263397226629705,5.154226785714285,6.821007142857143,0
EE,2017,3,1.96988670547821,0.04755868332141317,4.053634051574858,9.434478,-1.065899,5.6,13.389731954531463,5.154226785714285,6.821007142857143,0
EE,2018,3,1.97061311743188,0.10040427634333919,3.40423979085589,8.506919,-1.146384,3.7,13.301918760276637,5.154226785714285,6.821007142857143,0
EE,2019,3,1.99845018670744,0.028968172786277044,3.4423709184945572,9.046764,-0.109401,3.7,13.782249664105313,5.120322807017543,6.257131578947369,1
EE,2020,3,2.26136428332919,0.07645006780219346,2.9926668256170523,19.098125,-5.42411,-2.9,12.197407006905769,5.120322807017543,6.257131578947369,0
EE,2021,3,2.01231933389152,0.25158010127408753,2.834820749820041,18.425088,-2.569313,8.3,14.678948745477674,6.189263333333333,7.028963333333334,0
EE,2022,4,2.13485210963824,5.920951626851331,6.816890884744051,19.187112,-1.078891,-1.2,37.10328008193447,7.363642857142857,8.581632142857144,0
EE,2023,4,2.99572297522503,5.8263816555859265,7.097705927057987,20.171083,-3.066582,-2.7,19.32740994110774,6.89848,8.485488333333333,1
ES,1995,1,1.91702239465122,4.564478276262705,5.920772640085926,61.586475,-6.793349,NA,NA,3.7377000000000002,9.129,0
ES,1996,1,1.81443901615473,0.16006334726761726,4.654337948075474,65.441953,-5.865883,2.6,NA,7.596899999999999,7.736799999999999,1
ES,1997,1,1.72281567944182,0.20352200437579374,4.850505831111965,64.2863,-3.859175,3.6,NA,7.596899999999999,7.736799999999999,0
ES,1998,1,1.75731994886122,2.296092444467711,5.861549489583558,62.354666,-2.626904,4.3,2.0234185657540285,7.596899999999999,7.736799999999999,0
ES,1999,1,1.75523458900652,2.606865035095618,5.193765629288322,60.853144,-1.240168,4.4,3.1601420499544854,7.596899999999999,7.736799999999999,0
ES,2000,1,1.72551798839458,0.07152033863271429,5.03571146578531,57.840514,-1.161266,5.2,8.956421298031227,7.5969,7.7368,1
ES,2001,1,1.62958403293614,1.0123547385260876,4.200771245971319,54.052228,-0.454949,3.9,10.199592800244039,7.5969,7.7368,0
ES,2002,1,1.45597370162444,0.7483953211879111,4.5694047251998455,51.236868,-0.316641,2.8,11.776696139355995,7.5969,7.7368,0
ES,2003,1,1.42254439300681,0,4.826607758207742,47.686949,-0.374868,2.9,11.236774896182776,7.5969,7.7368,0
ES,2004,1,1.43022117967926,0.16271448914582362,4.639198634184282,45.332696,-0.09511,3.1,16.089353977985663,3.7377,9.129,1
ES,2005,2,1.38717775355122,0.05944676339143065,3.7165544746098846,42.39519,1.230549,3.6,16.61304473371397,3.7377,9.129,0
ES,2006,2,1.37000746147478,0.0022375528851258887,3.8473934993043017,39.019058,2.121643,4,19.10576128305106,3.7377,9.129,0
ES,2007,2,1.36310631227691,0,4.387636682607615,35.698127,1.882713,3.5,21.397189832787856,3.7377,9.129,0
ES,2008,2,1.36762048450666,0,4.0856640519388705,39.6088,-4.560369,0.8,13.117777927794643,3.7377,9.129,1
ES,2009,2,1.35835383696039,0.018919290654158687,4.527560848573706,53.079279,-11.237383,-3.8,8.49844676407434,3.7377,9.129,0
ES,2010,2,1.3816644927099,0,3.969895077466186,60.26603,-9.487395,0.1,7.759329625585376,3.7377,9.129,0
ES,2011,2,1.32573618168037,0.011534809733647068,4.560250297110019,69.52841,-9.694673,-0.6,7.957006353116646,7.5969,7.7368,1
ES,2012,2,1.41695174735802,0.0270766516540734,4.582223188472225,89.56038,-11.496538,-2.9,6.494330764696539,7.5969,7.7368,0
ES,2013,2,1.26618872678062,0.003001195509798064,4.50895322559356,100.000313,-7.491625,-1.4,6.010620249546964,7.5969,7.7368,0
ES,2014,3,1.24625944103127,0.1323591530551187,4.5210199047631585,104.417616,-6.073157,1.5,6.56950451206889,7.5969,7.7368,0
ES,2015,3,1.25969265356283,0,4.329284328828629,102.442124,-5.264867,4.1,7.36906148707822,7.5969,7.7368,1
ES,2016,3,1.12848106845526,0.03035438206827334,4.185312870722315,101.966503,-4.264863,2.9,8.934855047355297,7.5969,7.736799999999999,1
ES,2017,3,1.22211082849583,0.06495476353591792,3.6927924614027607,101.144239,-3.096347,2.9,11.444340546146318,7.5969,7.736799999999999,0
ES,2018,3,1.24562475871831,0.013883967333577366,2.9733009240329618,99.718283,-2.575651,2.4,13.799614836037335,3.7377,9.129,0
ES,2019,3,1.22464525288942,0.10655022880146942,3.7571979368719277,97.578816,-3.040257,2,15.99524251938199,3.7377,9.129,1
ES,2020,3,1.35429599703865,7.41784816121914e-4,3.421598486669073,119.178981,-10.024583,-10.9,9.88878451246406,3.5676279069767443,8.72232558139535,0
ES,2021,3,1.33768901652321,0.0027627052276685835,2.3085362100093163,115.593914,-6.658335,6.7,18.733017954676626,3.5676279069767443,8.72232558139535,0
ES,2022,4,1.4055469125943,3.107377788515857,4.0298118972579955,109.22629,-4.586576,6.4,26.5103746736754,3.5676279069767443,8.72232558139535,0
ES,2023,4,1.4715775760116,3.022747559722821,4.416987887462049,105.07374,-3.340119,2.5,26.016046754853313,3.5676279069767443,8.72232558139535,0
FI,1995,1,1.42254149924916,3.396276558750587,3.6123575493403486,55.204461,-5.976395,4.2,NA,4.569285416666666,8.108353472222223,1
FI,1996,1,1.53047227121301,0.0499056498132585,1.8277153638048327,55.363464,-3.370368,3.7,NA,4.569285416666666,8.108353472222223,0
FI,1997,1,1.53515505066012,0.07655165602529325,1.6774316449798592,52.235383,-1.32534,6.4,NA,4.569285416666666,8.108353472222223,0
FI,1998,1,1.46317555780765,1.372111662345019,2.076013666541037,46.843421,1.53698,5.5,2.757147417049048,4.569285416666666,8.108353472222223,0
FI,1999,1,1.22310377157804,1.7970676538701698,2.178343391017209,44.020711,1.595896,4.4,2.8575603830185248,4.812253237410072,8.139243884892087,1
FI,2000,1,1.24000997169797,0.026050784677915557,0.8212875810399971,42.447172,6.72943,5.8,3.267068912239123,4.812253237410072,8.139243884892087,0
FI,2001,1,1.1431199131475,0.46806830624629897,0.94484093857428475,40.896738,4.891676,2.6,3.6584789181479276,4.812253237410072,8.139243884892087,0
FI,2002,1,1.15346267852331,0.7233246098943945,1.184309286710156,40.128672,3.97467,1.7,3.4866881967529317,4.91243515625,8.2396484375,0
FI,2003,1,1.44547443507181,0,0.9571668380061772,42.697444,2.339929,2,3.4262368920700808,4.818334482758622,7.147488793103448,1
FI,2004,1,1.46771855552706,3.536195545511122e-4,1.4058250408724162,42.576902,2.157603,4,3.895410722236314,4.818334482758622,7.147488793103448,0
FI,2005,2,1.46470451104851,0.1504059934531802,1.4018735233883133,39.869797,2.588877,2.8,4.078019161629535,4.818334482758622,7.147488793103448,0
FI,2006,2,1.44270225678265,0.13558241101079438,1.5409338896882931,38.005102,3.925119,4,4.271840596090251,4.818334482758622,7.147488793103448,0
FI,2007,2,1.28760998478864,0,1.3552589429518143,33.906356,5.115498,5.3,4.932579489497257,6.1632448,7.3392864,1
FI,2008,2,1.39102532971688,0,1.5017062119589735,32.562689,4.180116,0.8,5.4927059491170995,6.1632448,7.3392864,0
FI,2009,2,1.56084541207723,1.1739172980756896,1.7931038020840298,41.534102,-2.483836,-8.1,5.012659786861984,6.1632448,7.3392864,0
FI,2010,2,1.49172644486325,0,1.079932284584347,50.112886,-2.574583,3.2,4.7904979363448295,6.1632448,7.3392864,0
FI,2011,2,1.49199362525613,0.004275783585612639,1.6030537292823546,52.024432,-1.012876,2.4,5.48455558375049,5.0877951999999995,7.9987264,1
FI,2012,2,1.53160526604717,0.3692900162890535,3.725278289514262,57.856152,-2.154927,-1.5,5.790863514060682,5.0877951999999995,7.9987264,0
FI,2013,2,1.54007184381097,0.18998989349495649,4.067945742098926,60.811707,-2.521904,-1,5.885925706980003,5.0877951999999995,7.9987264,0
FI,2014,3,1.45927959000267,0.8644665685675528,4.711462919125344,64.812611,-2.994826,-0.5,5.779754075655765,5.454001801801802,8.356133333333334,0
FI,2015,3,1.45819060668341,0,4.343644993162097,68.764273,-2.426829,0.5,5.253526612038226,6.487570967741934,5.2300766129032255,1
FI,2016,3,1.43150516649128,1.004618063475312,4.037105334196042,68.649202,-1.701303,2.6,6.361042609600189,6.487570967741934,5.2300766129032255,0
FI,2017,3,1.36088933984851,0.02753421207501771,3.491875750973743,66.580777,-0.629267,3.3,5.777809193289041,6.871707547169811,6.159797169811321,0
FI,2018,3,1.37168236993597,0.09618869703994916,2.8632738129938686,65.278321,-0.871909,1.2,5.642166972300671,6.871707547169811,6.159797169811321,0
FI,2019,3,1.36132283517387,0.025575872704996633,2.9076944815797976,65.327854,-0.932844,1.3,5.936658367040183,4.203947413793103,7.025700862068966,1
FI,2020,3,1.43578115547809,0.4089780093441728,2.5171224941771055,75.31704,-5.534145,-2.5,5.954074463394876,4.203947413793103,7.025700862068966,0
FI,2021,3,1.30243925969996,0.1999679923636216,2.3402141284955484,73.12581,-2.692512,2.7,6.571261339193569,4.203947413793103,7.025700862068966,0
FI,2022,4,1.58854518946055,5.325210013054086,6.2564540432159905,73.96385,-0.179232,0.8,9.011504727354128,4.203947413793103,7.025700862068966,0
FI,2023,4,2.0075369530221,5.248426013343799,6.544396239007913,77.039135,-2.894086,-1.3,13.16254401084118,6.9106,5.3631009259259255,1
FR,1995,1,2.51542226280158,5.558445976557728,5.980199480140973,57.801849,-5.105305,2.3,NA,6.862899152542374,7.8577243644067805,0
FR,1996,1,2.43766326434912,0.5209357939757573,3.9892927393535995,60.594688,-3.894267,1.4,NA,6.862899152542374,7.8577243644067805,0
FR,1997,1,2.39395696754189,0.46486737480514534,4.113455285353943,61.984897,-3.70782,2.5,NA,3.0088100313479624,7.122405642633229,1
FR,1998,1,2.2468089386267,3.14929303561699,5.175030567345525,62.102713,-2.390119,3.5,NA,3.0088100313479624,7.122405642633229,0
FR,1999,1,2.19815329922308,3.5369011490902356,4.738923277444417,61.420007,-1.545019,3.4,NA,3.0088100313479624,7.122405642633229,0
FR,2000,1,2.09218901026309,0.17517228568815918,4.31368750563183,59.721062,-1.316137,4.1,NA,3.0088100313479624,7.122405642633229,0
FR,2001,1,2.04148415280944,1.7094212747799007,3.671845357671913,59.324044,-1.415686,1.9,NA,3.0088100313479624,7.122405642633229,0
FR,2002,1,2.05857264018165,0.3889751208119468,3.8826422482687426,61.254617,-3.175096,1.1,NA,6.979368161434978,7.698325112107623,1
FR,2003,1,2.1064709567846,0,4.145389145011511,65.363466,-4.094857,1,NA,6.979368161434978,7.698325112107623,0
FR,2004,1,2.11416633859403,0.04053345076151331,3.998015085250475,66.876638,-3.554809,2.9,NA,7.396801522842639,7.127026649746194,0
FR,2005,2,2.02813701732744,0.13554915045219942,3.160942870567079,68.1877,-3.50495,1.9,NA,7.396801522842639,7.127026649746194,0
FR,2006,2,1.97737744775679,0.00994685563000092,3.423200895636922,65.400123,-2.655539,2.7,4.769029585573284,7.396801522842639,7.127026649746194,0
FR,2007,2,1.9109577778942901,0,3.84231022659335,65.478906,-2.990289,2.5,4.61905412462066,7.401212238805971,7.098748059701493,1
FR,2008,2,1.89934504679172,0,3.5210073150715173,69.819095,-3.500985,0.4,4.633979184183253,7.401212238805971,7.098748059701493,0
FR,2009,2,2.09877791453034,0.08933515330856838,3.9549823546935383,84.056534,-7.383188,-2.8,4.61490220718106,7.401212238805971,7.098748059701493,0
FR,2010,2,1.96864375039496,0,3.3743504771600454,86.279323,-7.158985,2,4.74971286222571,7.399137026239067,7.101119533527696,0
FR,2011,2,1.88794614981494,0.025698499892321917,4.3638857488571405,88.747569,-5.299385,2.4,4.921857418523212,7.399137026239067,7.101119533527696,0
FR,2012,2,1.87154409463222,0.07676624796696996,4.786486913718699,91.740264,-5.168547,0.2,5.016025327028365,3.2492999999999994,7.9448,1
FR,2013,2,1.84711648361859,0.013279283169719765,5.000033976825984,94.559771,-4.93569,0.8,5.163874887862641,3.2492999999999994,7.9448,0
FR,2014,3,1.85952906556899,0.41555194176667054,5.072535323474535,96.163266,-4.571356,1,5.144380843448552,3.292520779220779,7.944348051948053,0
FR,2015,3,1.86973268204402,0,4.773935074271856,96.979107,-3.887214,1.1,5.48045625041671,3.292520779220779,7.944348051948053,0
FR,2016,3,1.85171809616119,0.10094660815199029,4.657893126777247,98.14864,-3.762716,0.9,5.668039013727087,3.292520779220779,7.944348051948053,0
FR,2017,3,1.8523088187904,0.14275601795254442,4.105607277504393,98.761564,-3.364914,2.1,5.5324355331258515,7.245307441860465,7.056890232558139,1
FR,2018,3,1.84604257144589,0.03443196013935392,3.4565937558621047,98.528337,-2.321672,1.6,5.776246622515987,7.245307441860465,7.056890232558139,0
FR,2019,3,1.85288520696513,0.4191014906269849,4.064708959228447,98.157764,-2.391688,2,5.730321013802979,7.245307441860465,7.056890232558139,0
FR,2020,3,2.02167455284232,0.004138315855336756,3.614149189025976,114.908665,-8.930231,-7.4,4.907649061409171,6.358025161290323,8.300304731182797,0
FR,2021,3,1.98022225807935,0.012857423629639597,2.508453407411022,112.786482,-6.583672,6.9,5.736323850815804,6.358025161290323,8.300304731182797,0
FR,2022,4,1.95772067476703,4.312328859747507,5.160670138302429,111.364105,-4.737402,2.7,7.205797158575987,6.0122040000000005,8.723939999999999,1
FR,2023,4,1.95099683800051,4.205682332252502,5.513180745411445,109.645768,-5.439606,1.6,6.847790060548753,6.0122040000000005,8.723939999999999,0
GB,1995,1,2.85419949053587,4.099568042192897,4.39018149863174,43.495481,-4.97005,3.53339096338078,NA,7.426100000000001,2.3243,0
GB,1996,1,2.72459232198324,0.5458696982193677,2.358543469985431,43.541384,-3.632736,2.61491606949487,NA,7.426100000000001,2.3243,0
GB,1997,1,2.56014877225605,0.10652937693337662,2.4998087759549485,43.895658,-1.995328,4.8799853038024,NA,4.3562,6.9923,1
GB,1998,1,2.49596227501881,1.655411652029233,3.463134070843028,41.789422,-0.207718,3.24631482881618,NA,4.3562,6.9923,0
GB,1999,1,2.42290959332375,2.0485747724584207,2.983246413392,40.275449,0.76209,2.94445869854798,NA,4.3562,6.9923,0
GB,2000,1,2.3727966452319,0.03457517670433576,2.4654339600248747,37.549004,1.39578,4.52438074810904,NA,4.3562,6.9923,0
GB,2001,1,2.41112210130721,0.6008860678778595,1.8883045953464324,34.823848,0.339231,2.39102229602824,NA,4.3562,6.9923,1
GB,2002,1,2.48565967470705,0.11790498160927222,2.0784360094694145,35.339339,-1.945765,1.70902736258567,NA,4.3562,6.9923,0
GB,2003,1,2.55206201518244,0,2.3025213518612624,36.642318,-3.1935,3.21851612669614,NA,4.3562,6.9923,0
GB,2004,1,2.49782136751626,0.008377116129291814,2.1861190463803997,39.666411,-3.143143,2.32601853325993,NA,4.3562,6.9923,0
GB,2005,2,2.42271607573388,0.027715320268254608,1.4944924258835681,40.868941,-3.130877,2.7906547174688,NA,4.3562,6.9923,1
GB,2006,2,2.36967440284241,0.00725944858708334,1.6705765279653466,41.886366,-2.737809,2.18982132415704,NA,4.3562,6.9923,0
GB,2007,2,2.37465777127738,0,2.0127300008888587,42.976576,-2.631581,2.93091133582351,NA,4.3562,6.9923,0
GB,2008,2,2.4871500848402,0,1.775757559465204,50.554014,-5.047631,-0.0494116727402769,NA,4.3562,6.9923,0
GB,2009,2,2.64772453259797,0.09988039805996315,2.248108667667019,64.473629,-9.972009,-4.58740819226323,NA,4.3562,6.9923,0
GB,2010,2,2.56799960467203,0,1.645460126037715,75.518167,-9.247456,2.26054460931586,NA,6.934615934065933,3.404606593406594,1
GB,2011,2,2.49903987829525,0.003910634914687284,2.356490262184857,81.066442,-7.424915,0.851437739020326,NA,6.934615934065933,3.404606593406594,0
GB,2012,2,2.41781748358099,0.030113040191097663,3.0597943953856603,84.090392,-7.959073,1.52826034721852,NA,6.934615934065933,3.404606593406594,0
GB,2013,2,2.29232047399432,0.009971024096438592,3.283911582008827,84.948342,-5.294253,1.71846961308464,NA,6.934615934065933,3.404606593406594,0
GB,2014,3,2.18448549185402,0.21592869583748303,3.4624348760430155,86.511408,-5.467328,3.16017351468152,NA,6.934615934065933,3.404606593406594,0
GB,2015,3,2.04890800410498,0,3.1514624521751124,87.340043,-4.534973,2.14040560033371,NA,7.4261,2.3243,1
GB,2016,3,1.98449096820719,0.08068298431546585,2.9564898405570426,87.250961,-3.280351,2.20652020635357,NA,7.4261,2.3243,0
GB,2017,3,1.95002885979327,0.023800545916238775,2.4708059795160837,86.116968,-2.483142,3.02322219840339,NA,7.4261,2.3243,1
GB,2018,3,1.94455569473457,0.008915015477162683,1.8527634152033106,85.583905,-2.232129,1.55133095078786,NA,7.4261,2.3243,0
GB,2019,3,1.98525373099586,0.5265890341390446,2.2898755163894178,84.936712,-2.38029,1.25629899760824,NA,7.4261,2.3243,1
GB,2020,3,2.16304030547387,0.018629694382154234,1.7570914523665313,104.787031,-12.912854,-10.047896637362,NA,7.4261,2.3243,0
GB,2021,3,2.07241748249759,0.010978860973860366,1.1710055419006635,103.446836,-7.537461,8.5431118453255,NA,7.4261,2.3243,0
GB,2022,4,2.05691855462534,3.53785791706169,4.3352910420973325,97.510528,-4.599277,5.14970388522993,NA,7.4261,2.3243,0
GB,2023,4,2.23063973904322,3.422492508863573,4.626716642591564,98.869217,-6.046188,0.271650048355255,NA,7.4261,2.3243,0
GR,1995,1,3.09663675025723,5.852429647953113,6.208550388885814,100.386622,-9.868235,NA,NA,4.4968,9.2535,0
GR,1996,1,3.23732069026365,0.5539907415369993,4.738216634816203,103.724168,-8.350544,1.4,NA,4.4968,9.2535,1
GR,1997,1,3.29602741401833,1.3837376334148244,4.539093609067066,102.5989,-6.247684,3.6,NA,4.4968,9.2535,0
GR,1998,1,3.45541464568208,4.581002760382426,5.194135778167344,100.785226,-6.484637,3.4,10.886400299254202,4.4968,9.2535,0
GR,1999,1,3.49420868804542,4.953272000393167,5.299646581716197,102.842976,-6.024031,2.7,7.880240809068449,4.4968,9.2535,0
GR,2000,1,3.59479870587568,0.7522708722829671,3.649507793709259,108.854064,-4.214857,4.1,10.138713969962026,4.4968,9.2535,1
GR,2001,1,3.35627566229104,3.2476999246289386,4.242945620308731,110.534751,-5.642345,4.7,9.087403097216137,4.4968,9.2535,0
GR,2002,1,3.16565671755075,0.1673665609190622,4.320310123670958,107.871315,-6.19689,4.7,6.173613926321105,4.4968,9.2535,0
GR,2003,1,2.56278132746133,0,4.051022581244079,104.25857,-8.04671,5.8,5.784383511195271,4.4968,9.2535,0
GR,2004,1,2.67202808458836,0.006748152583640748,4.584117395297594,105.493126,-9.052689,5.4,6.11231668694173,6.7365,8.9869,1
GR,2005,2,2.90167987543818,1.402744008627987,4.38652946984136,109.858944,-6.32992,1.2,6.4661412051436695,6.7365,8.9869,0
GR,2006,2,2.82969288184235,0.020260129742015506,5.191250331430591,105.334185,-6.044828,6.4,5.733360133964384,6.7365,8.9869,0
GR,2007,2,2.71917513817491,0,4.4979561191019055,104.637156,-6.806878,3.5,5.735588448286736,6.7365,8.9869,1
GR,2008,2,3.02372412926418,0,4.504410518384322,110.907306,-10.314767,0.1,6.014770719695809,6.7365,8.9869,0
GR,2009,2,3.26904009456305,0.08957496920650057,4.377148255344658,128.481845,-15.423608,-4.1,5.282951523446461,4.4968,9.2535,1
GR,2010,2,2.75678087939637,0,3.7877318323154183,147.846174,-11.424457,-5.7,5.437577888298434,4.4968,9.2535,0
GR,2011,2,2.52021146748907,0.49551921202978283,5.304901875279853,175.075562,-10.49957,-9.9,NA,5.5231560150375945,8.770180075187971,0
GR,2012,2,2.47639628901893,0.7060940109114873,7.8740914591751014,164.278496,-6.937093,-8.3,5.256158714318292,5.997222905027932,8.951818994413408,1
GR,2013,2,2.39130807647224,0.028833527226985747,8.254931301407954,180.509547,-4.05892,-2.3,5.277410595221896,6.2802648148148155,9.041207407407407,0
GR,2014,3,2.36784026258467,0.9912972749308951,8.21632908004638,182.823596,-4.292453,0.8,5.416872355381633,6.2802648148148155,9.041207407407407,0
GR,2015,3,2.47743424261411,0,7.832378149048795,180.000548,-3.030858,-0.2,5.957270821953808,3.368582098765432,6.749949382716051,1
GR,2016,3,2.57279833754101,0.7107284558140915,7.62040735250616,183.674818,0.280119,0,10.88611851521343,3.368582098765432,6.749949382716051,0
GR,2017,3,2.556623889921,1.5253124014390904,7.18628547440464,182.623052,1.054531,1.5,10.482999482513561,3.368582098765432,6.749949382716051,0
GR,2018,3,2.70054108209766,0.46628280416249257,6.512830635314169,189.552792,0.778448,2.1,11.201390862723363,3.368582098765432,6.749949382716051,0
GR,2019,3,2.59648367110305,0.01265751922505035,6.328646317374375,183.690589,-0.085877,2.3,12.172675808185506,2.8947,7.1382,1
GR,2020,3,3.02310765728834,0.0015372091026336413,5.742032294204127,209.926908,-10.367127,-9.2,7.93595079655854,2.8947,7.1382,0
GR,2021,3,3.80247367841764,0.018407718333753268,5.153135275550278,197.805578,-7.755688,8.7,5.411476878441858,2.8947,7.1382,0
GR,2022,4,4.00035246143373,5.813650198961327,7.092800063789007,179.169645,-2.571873,5.5,9.11655519738947,2.8947,7.1382,0
GR,2023,4,2.88325472633445,5.802577075821533,7.7426059826767855,165.534654,-1.439786,2.1,11.208659829176836,6.7364999999999995,8.9869,1
HR,1995,1,9.10152769738719,6.7700636115882045,6.838137722045139,NA,-4.230352,NA,NA,NA,NA,0
HR,1996,1,8.07513154938036,0.5664537393749055,3.555489234034951,NA,-4.406182,6.1,NA,NA,NA,0
HR,1997,1,7.47805189562736,1.2665549377848146,3.524561271329046,NA,-4.934156,6.2,NA,NA,NA,0
HR,1998,1,5.54555805177024,4.58032697815965,5.006001735196325,23.32914,-6.360497,2.3,11.414182469981123,NA,NA,0
HR,1999,1,4.38306728344479,4.996790350159616,5.18570283785056,30.007212,-11.110444,-0.8,7.268976423866803,NA,NA,0
HR,2000,1,3.0245823570935,0.6059568755022469,3.266257361140043,35.433531,-9.197196,2.9,NA,4.777405376344086,7.375009677419355,1
HR,2001,1,2.70575135487786,3.028132825861455,3.5781968445356793,36.587591,-4.791505,3.1,5.68397958190681,4.838362921348315,7.292515730337079,0
HR,2002,1,2.70880829294998,0.2111401240721362,3.1083806160177456,36.452753,-4.898226,5.8,4.730003107657333,3.968958461538462,8.10660153846154,0
HR,2003,1,2.02614735279736,0,3.234909781558978,37.843848,-5.027919,5.6,4.286493376665124,7.1053,7.1053,1
HR,2004,1,1.74038789534115,0.008539170002173177,3.3702203510254964,39.959266,-6.093717,4.2,4.269431977193156,7.1053,7.1053,0
HR,2005,2,1.74403729145943,0.4372746863135541,2.9679348654649234,40.900522,-3.242489,4.3,NA,7.1053,7.1053,0
HR,2006,2,1.66641016588365,0.022911400954171317,3.4645182051058967,38.381787,-2.001114,5.1,3.473169890135321,7.1053,7.1053,0
HR,2007,2,1.61077866472529,0,3.2914123277018175,37.085134,-2.269249,5,3.3897990740762207,7.1053,7.1053,1
HR,2008,2,1.82315444519083,0,3.1595840643608093,38.920156,-2.334114,2,3.915382469299974,6.890966233766233,7.023296103896104,0
HR,2009,2,1.77217858246391,0.13947681703948206,3.2839453005193926,47.921889,-7.151074,-6.8,3.0658063629925874,6.890966233766233,7.023296103896104,0
HR,2010,2,1.66618616230333,0,2.7658007323538936,56.808649,-6.451033,-1.3,2.055848139615468,6.882911999999999,7.074911999999999,0
HR,2011,2,1.73660237614066,0.0939880532134889,4.179923500051613,63.149542,-7.51317,-0.1,1.9893437007340804,3.015483116883117,8.81861818181818,1
HR,2012,2,1.65593775106979,0.23221080713584832,5.913414807943929,68.85183,-5.456656,-2.2,2.0951902532843905,3.015483116883117,8.81861818181818,0
HR,2013,2,1.60780875391152,0.0310854522608065,6.273917443068667,79.490457,-5.514425,-0.1,2.443145315354785,3.015483116883117,8.81861818181818,0
HR,2014,3,1.80811715937665,1.0191971375114546,6.331024967579109,83.231033,-5.193011,-0.6,2.5222684198147207,3.015483116883117,8.81861818181818,0
HR,2015,3,1.7487025038306,0,5.971794353337596,82.779011,-3.531088,2.3,2.799865579663782,3.015483116883117,8.81861818181818,1
HR,2016,3,1.58922538500355,0.235796586134544,5.788059142117396,79.261447,-1.035614,3.5,3.3852846023410144,7.186449275362319,7.324130434782608,1
HR,2017,3,1.63316629446653,0.46832833225308357,5.289664965155181,76.174448,0.807496,3.3,3.813160294196607,6.428602857142857,7.342141428571428,0
HR,2018,3,1.54234055565076,0.12569685405665754,4.606008076181398,72.846966,0.220809,2.9,6.484003227428861,6.428602857142857,7.342141428571428,0
HR,2019,3,1.6036107424916,0.06036845407712789,4.676872402331509,70.881126,2.315187,3.1,9.5059410241602,6.428602857142857,7.342141428571428,0
HR,2020,3,1.69659501985338,0.0033556789438238424,4.145200407550254,86.475515,-7.240516,-8.3,8.494701044435875,6.4709432432432425,6.665537837837838,1
HR,2021,3,1.97150113166485,0.025076553155733112,3.455246079473938,78.204957,-2.56993,12.6,9.224700785455838,6.4709432432432425,6.665537837837838,0
HR,2022,4,1.80285265162096,5.630400037243102,6.567739415995383,68.546751,0.140651,7.3,15.00968980958262,6.4709432432432425,6.665537837837838,0
HR,2023,4,1.70663158780592,5.555925679471072,6.953640082774411,60.949272,-0.785482,3.8,18.02075050624608,6.4709432432432425,6.665537837837838,0
HU,1995,1,1.3139594616011,6.517581512514702,6.591056794718806,83.868392,-8.570899,NA,NA,3.145236690647482,9.68911510791367,0
HU,1996,1,1.24968177456491,0.46133708111328553,3.526538744306371,71.16823,-4.360066,0.1,NA,3.145236690647482,9.68911510791367,0
HU,1997,1,1.46833921798512,0.9880312383080094,3.420638266349418,62.195736,-5.538787,3,NA,3.145236690647482,9.68911510791367,0
HU,1998,1,1.26775175126137,4.156734326409747,4.609985354221872,60.422119,-7.41252,3.8,1.6799089158424878,7.0962,6.108630046948357,1
HU,1999,1,1.42990268770239,4.679587806056583,4.875557183930587,60.296603,-5.267326,3.1,2.089254937086333,7.0962,6.108630046948357,0
HU,2000,1,1.51420984744636,0.43777286188673087,2.827536113555228,55.637609,-3.037685,4.4,2.1254897940096527,7.0962,6.108630046948357,0
HU,2001,1,1.57074717283351,2.6031862221714976,3.181785347702284,52.20472,-3.99568,4.1,2.164544604481163,7.0962,6.108630046948357,0
HU,2002,1,1.5956687712714,0.33542998145333525,2.7515566227941406,55.556735,-8.794131,4.7,1.9513795432720258,2.984562626262626,9.66989191919192,1
HU,2003,1,1.64521118628476,0,2.8730348142133986,58.174428,-7.191051,3.9,2.102764622284237,2.984562626262626,9.66989191919192,0
HU,2004,1,1.47344940256568,0.004916165733148442,3.156609166201514,58.907097,-6.597284,5,2.401761357559578,2.984562626262626,9.66989191919192,0
HU,2005,2,1.4112437788596,0.35645822548146044,2.9281230586328153,60.578757,-7.786606,4.3,2.7551240404973525,2.984562626262626,9.66989191919192,0
HU,2006,2,1.21974188828371,0.04813121484956679,3.32571701033538,64.488944,-9.268702,3.9,2.5536439393480785,2.9782619047619043,9.669138095238097,1
HU,2007,2,1.2677875208247,0,3.104128522955271,65.579937,-5.085305,0.3,2.4200891740423707,2.9782619047619043,9.669138095238097,0
HU,2008,2,1.18049340457337,0,3.069824126171165,71.801081,-3.784907,1,3.7481828749295327,2.8743,9.6567,0
HU,2009,2,1.12823884115794,0.26888544846512136,3.0458522337802885,78.188368,-4.759277,-6.7,2.7807865137735863,2.8743,9.6567,0
HU,2010,2,1.02413363369774,0,2.6112573364860565,80.174301,-4.436197,1.1,2.5482498868620587,6.660480608365019,6.507395057034222,1
HU,2011,2,1.03876980779352,0.06720115739495965,3.7507887668463757,80.468347,-5.219832,1.9,2.805806129992403,6.660480608365019,6.507395057034222,0
HU,2012,2,1.0292472545828,0.2634723117669542,5.842289136080298,78.363984,-2.330587,-1.3,3.393299888994329,6.660480608365019,6.507395057034222,0
HU,2013,2,0.943669886878651,0.06514226968250833,6.203153572696767,77.220233,-2.598216,2,3.9380510851165966,6.660480608365019,6.507395057034222,0
HU,2014,3,0.857233093600132,1.5620400084633992,6.370704156958027,76.490502,-2.772976,4.3,5.541096201230897,6.646273684210526,6.520345112781955,1
HU,2015,3,0.904216708106145,0,6.016690252010235,75.724127,-2.002875,3.7,5.943851265982047,6.646273684210526,6.520345112781955,0
HU,2016,3,0.999116487545317,0.30850878616332084,5.793903772349982,74.645886,-1.791646,2.4,5.4826081746058035,6.646273684210526,6.520345112781955,0
HU,2017,3,1.19169678184034,0.3650718648378889,5.29658394693488,72.001639,-2.45493,4.1,6.988808973273427,6.646273684210526,6.520345112781955,0
HU,2018,3,1.00220452852258,0.11118974190573273,4.598905632760089,68.816159,-2.046416,5.6,8.538186707269304,6.646273684210526,6.520345112781955,1
HU,2019,3,1.32782522734016,0.05392597081243157,4.618801549493976,64.988431,-2.024293,5.1,9.131805788538713,6.646273684210526,6.520345112781955,0
HU,2020,3,1.74628152413286,0.006173842347798134,4.089466043539151,78.686601,-7.48686,-4.3,7.788943271475892,6.646273684210526,6.520345112781955,0
HU,2021,3,1.31520993597457,0.05203795713993317,3.611929566926443,76.214669,-7.110069,7.2,8.337701411216395,6.646273684210526,6.520345112781955,0
HU,2022,4,1.83314817173654,6.355078071889119,7.232096718702155,74.080568,-6.190228,4.2,9.796467432219025,7.400000000000001,5.8333,1
HU,2023,4,2.04951096796972,6.272466242165229,7.56324130812787,73.233913,-6.77292,-0.8,10.020267207125523,7.400000000000001,5.8333,0
IT,1995,1,1.45963717676225,6.353932189990445,6.643889159392513,119.087612,-7.198528,NA,NA,7.533279888268157,4.564343854748603,0
IT,1996,1,1.58142783542643,0.5095662598755406,4.394158594072481,118.896392,-6.608287,1.3,NA,3.760836458333333,8.743969444444446,1
IT,1997,1,1.61893523792895,1.0914128373586578,4.450242743257197,116.49038,-2.980295,1.9,NA,3.760836458333333,8.743969444444446,0
IT,1998,1,1.63621282256544,4.325529967062326,5.609643319038522,113.886793,-2.985918,1.8,2.7569934468487918,3.75810245398773,8.447316257668714,0
IT,1999,1,1.67522558920443,4.679601343416085,5.383858820751574,113.05865,-1.774703,1.7,3.2517114263728852,3.5014962711864412,8.462796949152544,0
IT,2000,1,1.7333974080779,0.5426429951753392,4.625282576362869,108.742762,-2.420096,3.9,3.9872443596429483,3.5014962711864412,8.462796949152544,0
IT,2001,1,1.66687444230505,2.8824200573416454,4.250693698463122,108.51298800000001,-3.180822,2,3.6560651334783643,7.32015564738292,5.107899449035813,1
IT,2002,1,1.69394254893483,0.2882648505851745,4.272868552531095,105.947524,-2.879776,0.3,3.740827645088622,7.32015564738292,5.107899449035813,0
IT,2003,1,1.69839951235756,0,4.51131275579241,105.113528,-3.226201,0.1,7.699403518789038,7.32015564738292,5.107899449035813,0
IT,2004,1,1.67228931403318,0.03900370158073193,4.441623049299652,104.742009,-3.460923,1.5,7.20127876159112,7.32015564738292,5.107899449035813,0
IT,2005,2,1.59516123663349,0.5055595437544228,3.73563475738467,106.176751,-4.098533,0.8,5.253911972992798,7.3267937158469945,4.975239344262295,0
IT,2006,2,1.51434317166841,0.014088708843976198,4.154565409217049,106.257469,-3.605443,1.8,4.798744517747398,3.031819584569733,7.314896439169139,1
IT,2007,2,1.44091823807458,0,4.350954253456081,103.463862,-1.325941,1.5,9.00899792303035,3.031819584569733,7.314896439169139,0
IT,2008,2,1.53005124720846,0,4.05764670029254,105.802813,-2.583956,-1,9.06264352853556,7.262828571428571,4.75785,1
IT,2009,2,1.54748909606347,0.10276938648631306,4.424997844043729,116.141081,-5.05654,-5.3,7.454318193262026,7.262828571428571,4.75785,0
IT,2010,2,1.49431312454622,0,3.8342838750076838,118.757695,-4.161392,1.5,7.687277112086322,7.262828571428571,4.75785,0
IT,2011,2,1.46829220552997,0.11705087098340075,5.353040729452903,119.128821,-3.524394,0.7,6.435407379771339,7.262828571428571,4.75785,0
IT,2012,2,1.41946238544527,0.23704315327838954,6.1383411573733495,125.900561,-2.985488,-3.1,5.835969059907227,7.262828571428571,4.75785,0
IT,2013,2,1.39167747666985,0.0189312154361249,6.463470907175267,131.853847,-2.874553,-1.8,5.100659022452379,3.985943438914027,7.290255203619909,1
IT,2014,3,1.27633070266495,0.6630584556512883,6.478285272713515,134.796937,-2.818499,0,4.600659229355982,3.4211495978552278,7.91453619302949,0
IT,2015,3,1.20247316488401,0,6.139715693692943,134.789855,-2.45912,0.9,4.645089831501015,3.4211495978552278,7.91453619302949,0
IT,2016,3,1.32773387933426,0.23114796815321983,6.052080472831968,134.241308,-2.404661,1.2,5.000073798637956,3.120026347305389,7.822820359281438,0
IT,2017,3,1.35122350161336,0.5478547678012721,5.485184790343089,133.742411,-2.508866,1.6,5.717640649481625,3.120026347305389,7.822820359281438,0
IT,2018,3,1.35443317948295,0.1400070460829981,4.818955294818336,134.199694,-2.191992,0.8,5.544483979709022,2.755802849002849,1.1335931623931625,1
IT,2019,3,1.30611671363832,0.12815560031048928,5.282290789220638,133.899536,-1.450113,0.4,5.563298380035278,0.8833405099150141,2.616453257790368,0
IT,2020,3,1.72984958969454,0.0031465428893937388,4.796658673913643,154.379876,-9.378789,-8.9,4.150231798374983,0.8833405099150141,2.616453257790368,0
IT,2021,3,1.66286387777873,0.016657293913399512,3.6230701427719896,145.819123,-8.875674,8.9,5.374516429671154,3.6381327615780443,3.230148885077187,0
IT,2022,4,1.65164252620196,4.957759987734606,5.941298718513975,138.355956,-8.101256,4.8,6.962291614691094,1.3078521452145215,3.1196633663366335,1
IT,2023,4,1.60646040928357,4.8685410864137895,6.408919595580242,133.937512,-7.13417,0.9,7.452184045138006,1.3078521452145215,3.1196633663366335,0
LT,1995,1,0.451480223246298,4.5775995016100275,4.764979780263351,NA,-3.307783,NA,NA,3.3333,8.1,0
LT,1996,1,0.501283930563048,0.12260723180180574,2.7566705899748447,NA,-3.584485,5,NA,6.862102,9.250932,1
LT,1997,1,0.743584548384698,0.2539615149093238,2.582762234587172,NA,-0.760829,8.3,NA,6.862102,9.250932,0
LT,1998,1,1.22394047483022,2.4588620578344527,3.113492927829817,21.694503,-4.932635,7.5,0.7596299092065404,6.862102,9.250932,0
LT,1999,1,0.965770667320066,2.9592345783116265,3.296539842520905,28.002035,-7.82106,-1.1,0.7575498366842448,6.862102,9.250932,0
LT,2000,1,1.21549030890811,0.09243031237546047,1.4943109160438566,23.485217,-3.184328,3.4,0.4299453826997951,6.150796825396825,8.966760317460317,1
LT,2001,1,1.36102583365379,1.1581264701467469,1.7994479078328203,22.881907000000002,-3.524814,6.5,1.3461435882670423,3.617072972972973,8.911287837837838,0
LT,2002,1,1.27093846223477,0.8300549905880513,1.7751736995983545,22.12651,-1.854075,6.7,1.47917132827559,3.617072972972973,8.911287837837838,0
LT,2003,1,1.12083381901602,0,1.7030358611626002,20.367977,-1.264529,10.6,1.3778243139947375,3.617072972972973,8.911287837837838,0
LT,2004,1,1.19104062508646,8.242558514924482e-4,2.244316524024273,18.615375,-1.388289,6.5,1.6337499253441303,3.6765699999999994,8.296575,1
LT,2005,2,1.16311841256451,0.2324802767653794,2.2290635641806102,17.642823,-0.343623,7.7,2.023414261955997,3.6765699999999994,8.296575,0
LT,2006,2,1.16779179996757,0.16253997373673562,2.4575247009838512,17.298244,-0.27248,7.4,2.354221412320071,3.582188405797101,8.237888405797102,0
LT,2007,2,1.112731351206,0,2.2082385974295637,15.889135,-0.816217,11.1,2.64893693290088,3.582188405797101,8.237888405797102,0
LT,2008,2,1.13081118398085,0,2.33892632347029,14.588393,-3.08797,2.6,2.893913195055103,7.204822500000001,9.3873825,1
LT,2009,2,1.07973512828669,0.9572084399135307,2.2934001965089164,27.903486,-9.090269,-14.8,2.0374665185862675,7.204822500000001,9.3873825,0
LT,2010,2,0.890423906680536,0,1.820962471316486,36.705032,-6.950592,0.4,1.6591469826631395,7.449825316455696,9.110068354430378,0
LT,2011,2,0.797082443059276,0.015997825717338713,2.547423785543863,37.470846,-5.917467,6.3,5.138263008306394,7.449825316455696,9.110068354430378,0
LT,2012,2,0.769173393857888,0.4807345987650054,4.906215683285945,39.908068,-3.145738,4.4,9.587364135727272,3.7689609195402296,8.513290804597702,1
LT,2013,2,0.766528272772994,0.21188534099417858,5.2632785176487955,38.858853,-2.693806,4,10.395890322079635,3.7689609195402296,8.513290804597702,0
LT,2014,3,0.883731669079507,1.7144316059914766,5.753226232634631,40.724131,-1.789456,3.8,11.379094408082876,3.7689609195402296,8.513290804597702,0
LT,2015,3,1.13486085095513,0,5.3887703227223085,42.417235,-0.766494,2.8,10.621380666729538,3.7689609195402296,8.513290804597702,0
LT,2016,3,1.48013833220254,0.7686541177735285,5.088833326692746,39.800513,0.034008,2.7,10.842413574100876,3.2515802816901407,6.195802816901408,1
LT,2017,3,1.71214117320754,0.09980132898798824,4.568833311122085,39.125401,0.359991,4.6,11.648864301311228,3.2743909090909087,5.801645454545454,0
LT,2018,3,1.94787932963701,0.09746198662530046,3.896004463476239,33.343104,0.522476,4.9,13.24039346118463,3.2743909090909087,5.801645454545454,0
LT,2019,3,1.98419011931355,0.03746353859917758,3.9236499214853815,35.59141,0.411839,4.7,16.544342507645258,3.5291926829268294,6.112065853658536,0
LT,2020,3,2.04915558023028,0.03696050990718543,3.445114481633302,45.89314,-6.417989,0,16.37735824883976,7.254737837837838,9.468205405405405,1
LT,2021,3,1.94955292042791,0.2117391361526922,3.2340953666475887,43.335385,-1.150315,6.4,15.959378972456213,7.254737837837838,9.468205405405405,0
LT,2022,4,2.44457587877222,6.430689120508799,7.2576191449325025,38.320054,-0.718166,2.5,31.135802662724636,7.254737837837838,9.468205405405405,0
LT,2023,4,2.71300052887971,6.3045084931692745,7.524799036062894,37.106451,-0.663544,0.7,23.33758796393352,7.254737837837838,9.468205405405405,0
LU,1995,1,0.61631229536522,4.890383147414011,5.081855881158472,10.28228,2.713888,NA,NA,5.0346552631578945,7.941909227319866,0
LU,1996,1,0.611795282179392,0.30418774575572305,2.57558558705845,10.167886,2.368579,1.4,NA,5.0346552631578945,7.941909227319866,0
LU,1997,1,0.619164073380448,0.22334217048073005,2.654849898314703,10.062054,2.654745,5.4,NA,5.0346552631578945,7.941909227319866,0
LU,1998,1,0.641796393004664,2.341550498708821,3.720694727837822,9.510188,2.983271,6.7,27.55597678000237,5.0346552631578945,7.941909227319866,0
LU,1999,1,0.58038083885115,2.7734031767471157,3.474450457912335,8.393624,3.242209,8.2,29.937989937989936,6.505414705882353,8.214744396551723,1
LU,2000,1,0.546329291336707,0.07541300259439043,2.739798046682295,7.494094,5.550746,6.9,27.13330258302583,6.505414705882353,8.214744396551723,0
LU,2001,1,0.677211501251718,1.0417227645041789,2.2611531512703142,7.623148,5.623139,3.1,27.64236902050114,6.505414705882353,8.214744396551723,0
LU,2002,1,0.588787408670377,0.12942522334929824,2.363126986996041,7.447893,2.031098,3.2,27.25143564913861,6.505414705882353,8.214744396551723,0
LU,2003,1,0.606265558712765,0,2.5949403356483236,7.43462,0.27643,2.6,29.350881106401964,6.505414705882353,8.214744396551723,0
LU,2004,1,0.605730957855837,0.007418727321789336,2.5075572598898286,7.829894,-1.392367,4.2,28.292597151397924,5.283963157894736,7.940243755155915,1
LU,2005,2,0.58477615707441,0.054253535237274615,1.8317218743953045,7.9502,-0.211354,2.5,31.21436159833489,5.283963157894736,7.940243755155915,0
LU,2006,2,0.52078771268481,0.008907829334747937,2.0725254803188013,8.205121,1.904609,6,30.59566902444328,5.283963157894736,7.940243755155915,0
LU,2007,2,0.50162400683642006,0,2.365581621030678,8.091781,4.35419,8.1,35.01775562961609,5.283963157894736,7.940243755155915,0
LU,2008,2,0.364912794964823,0,2.1211693399109848,14.627526,3.3672,-0.3,36.705325972149595,5.283963157894736,7.940243755155915,0
LU,2009,2,0.371311757115607,0.08529089249251205,2.4731757560104315,15.285257,-0.213056,-3.2,31.916919959473148,5.3947666666666665,7.93950354530527,1
LU,2010,2,0.441009496679635,0,1.9612863693694762,19.089586,-0.257531,3.8,33.7844028474344,5.3947666666666665,7.93950354530527,0
LU,2011,2,0.376775588804359,0.008687744566239818,2.76874865470915,18.503051,0.650445,1,39.5983119724914,5.3947666666666665,7.93950354530527,0
LU,2012,2,0.358937251707305,0.04541328535602352,3.744350087036194,20.849113,0.503802,1.6,39.01663894461878,5.3947666666666665,7.93950354530527,0
LU,2013,2,0.358492375793951,0.01188893129706006,4.019247215216373,22.406991,0.840624,3.2,39.28578743815626,5.3947666666666665,7.93950354530527,1
LU,2014,3,0.366856825936978,0.3545474902913024,4.17024839188384,21.863282,1.331688,2.6,40.62727405035657,5.3947666666666665,7.93950354530527,0
LU,2015,3,0.415571527949753,0,3.8432551168580744,21.13316,1.303599,2.3,42.28201748620679,5.3947666666666665,7.93950354530527,0
LU,2016,3,0.378949157263331,0.07555726209656266,3.65371532977142,19.597566,1.889944,5,39.718940943932225,5.3947666666666665,7.93950354530527,0
LU,2017,3,0.495110917223231,0.05223362927647966,3.151183484971312,21.802238,1.366712,1.3,41.27367873945895,5.3947666666666665,7.93950354530527,0
LU,2018,3,0.500655642661875,0.01516233477201112,2.498207588747283,20.870027,3.174928,1.6,40.93653707195123,4.333606451612902,7.667428454362539,1
LU,2019,3,0.546198379988419,0.24858621672120298,2.7835138801148656,22.338861,2.678683,2.7,43.44072429442217,4.333606451612902,7.667428454362539,0
LU,2020,3,0.578077082223964,0.0042852821954426756,2.3226318264533594,24.532707,-3.092752,-0.5,35.920320455895784,4.333606451612902,7.667428454362539,0
LU,2021,3,0.47124923612019,0.01178124271732417,1.6610073718720417,24.184552,1.11419,6.9,39.91460936146078,4.333606451612902,7.667428454362539,0
LU,2022,4,0.625325775260002,4.11411181103597,4.933546869817573,24.901605,0.213733,-1.1,48.70335622880181,4.333606451612902,7.667428454362539,0
LU,2023,4,0.77317942181024,4.004214245737149,5.241631854475969,24.682094,-0.65481,0.1,40.804528994005835,4.333606451612902,7.667428454362539,0
LV,1995,1,0.831537179120737,4.2395524666388775,4.460772607410547,NA,NA,NA,NA,6.333219178082192,6.916898630136987,1
LV,1996,1,0.657943813358724,0.09075048786206913,2.6087645384840608,NA,NA,2.3,NA,6.333219178082192,6.916898630136987,0
LV,1997,1,0.59826833706743,0.17111157509106742,2.4347939412019333,NA,NA,9.2,NA,6.952692307692308,7.362055384615385,0
LV,1998,1,0.604779500640058,2.06158659534249,2.83990583461654,9.814854,-0.658235,6.6,1.2900752605865278,7.032172093023257,8.432176744186046,1
LV,1999,1,0.772368809222116,2.5439826507342076,2.962159866318902,14.834074,-3.541508,2.8,0.7556534380772643,7.340809677419355,8.801054838709677,0
LV,2000,1,0.901766970575075,0.05946984705248947,1.3597960268142202,15.094145,-2.565477,5.8,2.721988147196453,7.347574285714286,8.698077142857143,0
LV,2001,1,1.06180323433191,0.8699774966804283,1.5557531868700019,17.825176,-2.02618,6.5,2.284370081550652,7.347574285714286,8.698077142857143,0
LV,2002,1,1.59179944261207,0.9423789265417422,1.7040742633780641,15.383298,-2.588155,7.7,2.8617517953808687,6.803901818181819,8.002236363636365,1
LV,2003,1,1.68220334950968,0,1.5617964792049994,15.424208,-1.666367,8.4,1.76699037570834,6.803901818181819,8.002236363636365,0
LV,2004,1,1.65869012027526,7.177083505312907e-4,2.1099631594338275,15.32242,-1.035591,8.7,2.127809112153638,6.705319047619048,8.166966666666667,0
LV,2005,2,1.67142105821102,0.23939506545381337,2.103866478744753,12.507419,-1.063686,11.6,2.9741426059374394,6.705319047619048,8.166966666666667,0
LV,2006,2,1.79995995043083,0.1939567486644738,2.2958539076061886,10.656769,-0.481425,12.8,3.6860253317737,6.705319047619048,8.166966666666667,1
LV,2007,2,1.63649936606571,0,2.0667064243943023,8.996562,0.626747,10.4,3.4031437315514026,7.0026983050847456,7.873330508474576,0
LV,2008,2,1.7043587604961,0,2.217544952318447,19.318778,-3.286233,-3.4,2.1343090870102794,7.0026983050847456,7.873330508474576,0
LV,2009,2,1.41593498753712,1.1667266346139804,2.259823073357183,37.641039,-7.135372,-16,1.7250514833778274,6.991331343283583,8.10159552238806,0
LV,2010,2,1.10611728003503,0,1.7086738848955318,48.18213,-6.560302,-3.7,1.8915314472408447,6.592454545454545,7.621259090909091,1
LV,2011,2,1.1073762662641,0.011154412511849034,2.354155585014612,46.808487,-3.384893,3,4.932987243354759,7.640464000000001,7.650856,1
LV,2012,2,0.942934638140067,0.5445494897622751,4.67838205140207,44.370525,0.181821,7.3,6.505729374764343,7.640464000000001,7.650856,0
LV,2013,2,0.972846248892055,0.2525377797227847,5.031354072418389,41.774091,-0.581151,2.1,4.100650995021803,7.640464000000001,7.650856,0
LV,2014,3,0.978038880665435,1.5548515261159996,5.604820511218595,43.078906,-1.74328,2.1,5.178698835055069,7.14991746031746,7.4703920634920635,1
LV,2015,3,1.07352247572393,0,5.2379011070462385,38.279141,-1.573014,3.8,4.7726796690593005,7.14991746031746,7.4703920634920635,0
LV,2016,3,1.50174457900413,0.9336774183160242,4.923299465171617,41.734131,-0.409226,2.6,4.238284533384935,6.903718032786887,7.265175409836066,0
LV,2017,3,1.65275736814609,0.0707722213949689,4.394999917603621,40.329585,-0.852973,3.4,5.084825723187748,6.903718032786887,7.265175409836066,0
LV,2018,3,2.13473002218592,0.1085645134954948,3.7352979163631383,38.304373,-0.765151,4.3,5.639535995789863,7.014362500000001,7.1522468749999994,1
LV,2019,3,2.09016802211357,0.03576035062188199,3.7722574281158607,37.910846,-0.39358,0.7,5.845409923498725,8.033290566037737,5.9911811320754715,0
LV,2020,3,2.22759521686375,0.052889239509834755,3.3100986508228756,44.036922,-3.847732,-3.5,4.6339130092914145,8.033290566037737,5.9911811320754715,0
LV,2021,3,2.15577987505149,0.26047073340296395,3.1364959164608917,45.873811,-5.714192,6.9,6.702327195475652,8.033290566037737,5.9911811320754715,0
LV,2022,4,2.25461931057619,6.274232095144773,7.147567459695691,44.442949,-3.945537,1.9,20.63593525174103,6.848720370370371,7.314761111111111,1
LV,2023,4,2.97016956920808,6.167959905487871,7.423421983977507,44.430294,-3.361578,-0.9,8.246453349683074,6.848720370370371,7.314761111111111,0
NL,1995,1,1.76873757696223,4.69445007044101,4.875379830811882,73.030494,-8.7237,NA,NA,5.104230434782608,7.467001086956522,0
NL,1996,1,1.73454966695627,0.39793696999263084,2.385975139971608,71.245873,-1.906169,3.4,NA,5.104230434782608,7.467001086956522,0
NL,1997,1,1.63818103121788,0.18761649353125878,2.445988474607334,65.696316,-1.601472,4.2,NA,5.104230434782608,7.467001086956522,0
NL,1998,1,1.55853398473808,2.168429023196902,3.4866106560484087,62.679978,-1.335228,4.6,7.819439035882529,5.204690721649484,7.281278350515464,1
NL,1999,1,1.56975125135966,2.6012922604271216,3.255367139890202,58.601,0.282761,5,7.560234704771029,5.204690721649484,7.281278350515464,0
NL,2000,1,1.43342083323197,0.06260314619061962,2.4831426080606955,52.154731,1.135803,4.2,8.374333000293117,5.204690721649484,7.281278350515464,0
NL,2001,1,1.43475082877619,0.9200713692265503,2.0359697207036875,49.414111,-0.467759,2.3,8.344490783961419,5.204690721649484,7.281278350515464,0
NL,2002,1,1.42155215440017,0.14458478254602541,2.125866362747225,48.692685,-2.230061,0.2,7.52858456090656,7.035021505376345,5.823444086021505,1
NL,2003,1,1.43794632366222,0,2.344667998859749,49.804331,-3.191876,0.1,6.45444096218933,6.333892307692308,7.1506333333333325,1
NL,2004,1,1.42068916216587,0.005738675690345292,2.2721714018523946,50.095095,-1.824961,2,5.7829262483921795,6.333892307692308,7.1506333333333325,0
NL,2005,2,1.39083240225484,0.050760160121899996,1.6442533425878065,49.57984,-0.514715,2,5.660473633294627,6.333892307692308,7.1506333333333325,0
NL,2006,2,1.38651514016655,0.013491183375350659,1.8736142763098063,44.960371,0.041025,3.5,6.1925247685685445,6.474025352112676,7.043133802816901,1
NL,2007,2,1.34687487455341,0,2.1345965904873707,42.741118,-0.162498,3.9,7.141402196553219,4.995877500000001,7.581513750000001,0
NL,2008,2,1.29710010302488,0,1.9133004920516563,54.352302,-0.057577,2.1,8.748095672650205,4.995877500000001,7.581513750000001,0
NL,2009,2,1.38580992838475,0.14048739286817524,2.257295105966292,56.289781,-5.060356,-3.7,7.45593765102024,4.995877500000001,7.581513750000001,0
NL,2010,2,1.31752879372712,0,1.7446880098119848,58.897207,-5.304795,1.3,7.648632526995946,5.96767659574468,7.294423404255319,1
NL,2011,2,1.27726127378573,0.007153406838607129,2.529634081341568,61.166928,-4.421559,1.8,7.812174006182471,5.96767659574468,7.294423404255319,0
NL,2012,2,1.22552534668627,0.05701964428431905,3.57785903471382,65.690364,-3.833603,-1,7.445511593662008,6.778534615384616,6.6613423076923075,1
NL,2013,2,1.1572088159419,0.01802717683513817,3.8599611396545472,67.160631,-2.872438,0,7.713425399630205,6.778534615384616,6.6613423076923075,0
NL,2014,3,1.14761127983414,0.4073376845757498,4.07201443688714,67.16591,-2.173064,1.6,8.63512415765158,6.778534615384616,6.6613423076923075,0
NL,2015,3,1.11786033539529,0,3.738828796365077,63.799335,-1.835163,2.1,9.873658681881476,6.778534615384616,6.6613423076923075,0
NL,2016,3,1.14449960079147,0.11381019919729593,3.530040878494731,60.882702,0.225223,2.4,11.144982778848375,6.778534615384616,6.6613423076923075,0
NL,2017,3,1.13721447777951,0.04340711056958888,3.0269993750690327,55.985728,1.354179,2.8,11.102416197821421,6.547542857142857,6.384950000000001,1
NL,2018,3,1.1961416179648,0.015489052170846462,2.384182101747827,51.553908,1.49478,2.3,11.30929806291617,6.547542857142857,6.384950000000001,0
NL,2019,3,1.29180842332848,0.3561213007229366,2.6509400606655635,47.652052,1.908488,2.3,12.484316922598172,6.547542857142857,6.384950000000001,0
NL,2020,3,1.40607718904592,0.008910723856906515,2.1779848138520705,53.412463,-3.716886,-3.9,10.46922936179832,6.547542857142857,6.384950000000001,0
NL,2021,3,1.36537490886658,0.018709393727089924,1.6086910372353682,50.500701,-2.259548,6.3,12.25178343404148,6.207847368421053,6.95755,1
NL,2022,4,1.30419995572639,4.2560028758470265,5.058604036128351,48.413697,0.002214,5,18.577914476490722,6.127271794871795,7.012494871794872,0
NL,2023,4,1.44136515676766,4.137325119454429,5.348035289660258,45.849526,-0.371096,-0.6,15.417018339658815,6.127271794871795,7.012494871794872,0
NO,1995,1,2.30745749830242,3.612758794059407,3.764775883193554,32.942796,2.979641,4.2,NA,3.3706,8.2933,0
NO,1996,1,2.16304215907884,0.1410867983739633,1.512252793811878,28.637169,6.048167,5,NA,3.3706,8.2933,0
NO,1997,1,2.01605130811152,0.07619187697680031,1.499760932299464,25.973106,7.41388,5.1,NA,5.43789761904762,2.4770261904761903,1
NO,1998,1,2.15582766096953,1.3744910232031131,2.2892744215149445,23.770304,3.09113,2.7,8.308585727224223,5.43789761904762,2.4770261904761903,0
NO,1999,1,2.03788030128002,1.788090526019074,2.2036446878641858,25.126486,5.75305,2.2,9.412351706701573,5.43789761904762,2.4770261904761903,0
NO,2000,1,1.70442346991516,0.02507529910188273,1.2088734022877317,28.808521,15.120219,3.4,8.159433845774599,3.3706,8.2933,0
NO,2001,1,1.70223168580233,0.4590876215739361,1.0356310456084103,27.335111,13.222357,2.2,7.608412776377859,7.083964516129033,7.058725806451613,1
NO,2002,1,2.07531910404726,0.21908288512282675,1.0770494979990863,34.041346,9.052534,1.5,8.868570882918155,7.083964516129033,7.058725806451613,0
NO,2003,1,1.96940449912105,0,1.156927720055042,43.113747,7.210613,1.1,7.898727926309879,7.083964516129033,7.058725806451613,0
NO,2004,1,1.84243477657857,0.0011899979279194452,1.2479082685621976,43.763905,10.818669,4.3,7.969927407291865,7.083964516129033,7.058725806451613,0
NO,2005,2,1.57588467314326,0.047059339132351004,0.9806499718588535,42.130977,14.65282,3,8.715769903500874,3.225133333333334,6.0380609195402295,1
NO,2006,2,1.44466802794409,0.031515506319372645,1.1534899054184704,52.157271,17.735346,2.8,9.86505162795118,3.225133333333334,6.0380609195402295,0
NO,2007,2,1.45917207799086,0,1.1660188031215635,48.887214,16.821684,3.4,13.196375066383487,3.225133333333334,6.0380609195402295,0
NO,2008,2,1.37033371660879,0,1.118347148830588,46.825337,18.250399,0.8,12.26955919471769,3.225133333333334,6.0380609195402295,0
NO,2009,2,1.59690979918941,0.37523258903615775,1.3634575086088927,41.717275,9.996431,-1.6,11.658691812807495,3.3065441860465117,6.343767441860466,1
NO,2010,2,1.50762795492815,0,0.8800333050813316,42.065457,10.647142,1,14.24684332609677,3.3065441860465117,6.343767441860466,0
NO,2011,2,1.44252755140788,0.0032353374169618214,1.4835904421771458,28.9464,12.975059,1.4,14.295252021978312,3.3065441860465117,6.343767441860466,0
NO,2012,2,1.39318999611811,0.10049084809084788,3.101471359059943,30.166113,13.358929,2.8,14.021223978964555,3.3065441860465117,6.343767441860466,0
NO,2013,2,1.40525218139781,0.04803858143319963,3.426652740653628,30.574434,10.331102,1.3,13.52391227957298,8.223333766233766,8.231249350649351,1
NO,2014,3,1.46227942776465,0.4778421719857451,3.8466098449241617,28.799928,8.337784,2.1,13.094982713049141,8.223333766233766,8.231249350649351,0
NO,2015,3,1.49812327266489,0,3.4940480185103158,33.200302,5.800546,2,11.772808946219774,8.223333766233766,8.231249350649351,0
NO,2016,3,1.61734383599671,0.3205859185938775,3.2293415344475265,36.655532,3.906435,1.3,11.787529116405207,8.223333766233766,8.231249350649351,0
NO,2017,3,1.70515328594991,0.020540474636497854,2.720435135941987,36.912138,4.791339,2.7,10.146022006661067,8.221937500000001,8.23675,1
NO,2018,3,1.71529737478335,0.03242521156105355,2.1039608634889357,38.0676,7.559319,1.1,9.038414583828633,7.91441375,7.820735000000001,0
NO,2019,3,1.84373537818427,0.11949575166143324,2.2031261638302753,39.006101,6.284157,1.5,9.136273106250277,7.726885227272728,7.391604545454545,0
NO,2020,3,1.96598369239436,0.44396890406955547,1.8495000141703906,44.266073,-2.461613,-1.4,6.76040226694339,7.269826229508197,7.954888524590164,0
NO,2021,3,1.67632184694899,0.046318296112962926,1.501443181491435,40.120862,9.926398,4.1,10.006178393651037,3.844352631578947,5.307136842105263,1
NO,2022,4,1.46436961628818,4.441103747196935,5.257023888610781,34.828668,24.668342,4.1,16.676589367902427,3.844352631578947,5.307136842105263,0
NO,2023,4,1.81314737150102,4.3221321909902,5.526686593436124,42.438283,15.857512,0.4,15.775050537585825,3.844352631578947,5.307136842105263,0
PL,1995,1,1.90379957330223,5.739462410498964,5.855920863116106,48.575505,-4.377176,NA,NA,3.42050198019802,7.46229306930693,0
PL,1996,1,1.91739242748542,0.3163267097111656,3.3055132463233496,43.02398,-4.824008,6.1,NA,3.42050198019802,7.46229306930693,0
PL,1997,1,1.99649463419658,0.6199630457210259,3.1655542240286034,42.564003,-4.592031,6.4,NA,6.692025287356322,7.673237931034484,1
PL,1998,1,1.9916575833585,3.4923135865595247,4.055341728221425,38.56151,-4.239725,4.6,0.23062609527025352,6.692025287356322,7.673237931034484,0
PL,1999,1,1.89014224685951,4.019003163158769,4.276833066438573,39.233276,-2.291895,4.7,0.19461047685049543,6.692025287356322,7.673237931034484,0
PL,2000,1,1.8190453510787301,0.2539656990439724,2.366697783364433,36.274737,-3.984457,4.7,0.19159349625410016,7.1286000000000005,7.0491,0
PL,2001,1,1.89270410859475,2.016449796512063,2.6696892618398196,37.036882,-4.713353,1.2,0.1731847073067347,3.0012868217054263,8.461055038759689,1
PL,2002,1,1.89097402916196,0.603414530573554,2.4044158662697948,41.426455,-4.786333,1.9,0.17224428816158235,3.0012868217054263,8.461055038759689,0
PL,2003,1,1.89890364834865,0,2.475918724928949,46.237325,-5.995716,3.5,0.18441315810908587,2.7710037037037036,9.064562962962961,0
PL,2004,1,1.86469356337462,0.002947837007421122,2.8612264694989737,45.011682,-4.999088,5.1,0.2486213364291032,3.0293210116731517,8.396187548638133,0
PL,2005,2,1.92065181170108,0.2992904726530751,2.723568873436736,46.474198,-3.92586,3.3,0.2452989069607494,7.699700000000001,5.4813,1
PL,2006,2,1.9136927914289,0.10436578757248309,3.0670343840917202,47.097621,-3.527035,6.2,0.28309312655287466,7.0178869387755105,3.9992755102040816,0
PL,2007,2,1.99879774345695,0,2.8118555691602602,44.427514,-1.879279,6.8,0.39330653393233433,5.9707212499999995,8.852128333333333,1
PL,2008,2,1.74555706324845,0,2.842362604352541,46.559363,-3.595359,4.4,0.40075411561358765,5.9707212499999995,8.852128333333333,0
PL,2009,2,1.79268764302392,0.6693021289246189,2.7804182543294425,49.700504,-7.236313,2.6,4.960316107593805,5.9707212499999995,8.852128333333333,0
PL,2010,2,1.83851836437415,0,2.350518587242163,53.747735,-7.429753,3.2,4.079939364912206,5.9707212499999995,8.852128333333333,0
PL,2011,2,1.79131485643585,0.04315337124717288,3.2887304635423953,54.780204,-4.974457,5.3,4.126321194403405,5.99125659574468,8.8923314893617,1
PL,2012,2,1.80404649861118,0.3750180183083097,5.609364973672005,54.472206,-3.795365,1.5,5.7153002517458065,5.99125659574468,8.8923314893617,0
PL,2013,2,1.7900581767381,0.13718887827776263,5.9706034891201085,56.859047,-4.246085,0.7,5.788132608613693,5.99125659574468,8.8923314893617,0
PL,2014,3,1.90822735552002,1.827183204234884,6.235414237840729,51.129965,-3.662159,3.9,5.846594821128262,5.99125659574468,8.8923314893617,0
PL,2015,3,2.12742384353358,0,5.87799687619415,51.05616,-2.594525,4.4,5.739862537150433,7.6997,5.481300000000001,1
PL,2016,3,1.93589358828699,0.5648940339052754,5.626693661734939,54.128807,-2.383138,3,5.486365879567286,7.6997,5.481300000000001,0
PL,2017,3,1.88828727046187,0.2501523024578788,5.124191774955554,50.444303,-1.485896,5.2,5.513211978922688,7.6997,5.481300000000001,0
PL,2018,3,2.02472821822818,0.10485547055469106,4.426576007405301,48.233678,-0.244847,6.2,5.637221593342253,7.6997,5.481300000000001,0
PL,2019,3,1.95338318505019,0.09284038981869427,4.427384218385672,45.211071,-0.733609,4.6,5.968717828956149,7.6997,5.481300000000001,1
PL,2020,3,2.26305371895405,0.0227043553646354,3.9083486087248063,56.584671,-6.853173,-2,5.548612526778842,7.6997,5.481300000000001,0
PL,2021,3,2.21716328801834,0.1330347315322482,3.554692014681296,53.013585,-1.67566,6.9,6.5037541650193695,7.6997,5.481300000000001,0
PL,2022,4,2.20458906428882,6.593765027536911,7.407082856321419,48.787012,-3.369205,5.3,7.4686035509961695,7.6997,5.481300000000001,0
PL,2023,4,3.26980459253118,6.479530379301466,7.695337024375503,49.52051,-5.195601,0.2,8.251542101733548,7.6997,5.481300000000001,0
PT,1995,1,1.70715787362033,3.0513831181068762,4.648602184849021,62.214774,-5.143257,NA,NA,4.0492,9.2233,1
PT,1996,1,1.60164031322082,0.07568423727823459,3.4485396925011376,63.31226,-4.632086,3.5,NA,4.0492,9.2233,0
PT,1997,1,1.54154760574092,0.0429954582288638,3.7003291135545107,58.71551,-3.653752,4.4,NA,4.0492,9.2233,0
PT,1998,1,1.42301869395635,1.0945100648830552,4.7362522298823935,55.615697,-4.304319,4.8,5.60384410205967,4.0492,9.2233,0
PT,1999,1,1.42626993965458,1.249517747015707,3.997719190293461,55.405536,-2.928352,3.9,6.704569929576345,4.0492,9.2233,1
PT,2000,1,1.4070359633161,0.014017099558427858,3.877491120396591,54.193086,-3.317817,3.8,7.5885289347608,4.0492,9.2233,0
PT,2001,1,1.44506185476172,0.2879220807948657,3.0033433456379806,57.380182,-4.678761,1.9,5.9636383488787965,4.0492,9.2233,0
PT,2002,1,1.4648125666589,0.3101242490519153,3.3942186809412127,60.043745,-3.699597,0.8,4.868938106639086,6.498111764705882,7.989311764705881,1
PT,2003,1,1.43358027472409,0,3.6367223472607417,63.897307,-5.567986,-0.9,3.008734089373716,6.498111764705882,7.989311764705881,0
PT,2004,1,1.50609147993081,0.11528788838312959,3.4125841709218676,67.099497,-5.912369,1.8,2.0140264774826817,6.498111764705882,7.989311764705881,0
PT,2005,2,1.59379180313443,0.010681345152048676,2.5170342690052747,72.249082,-6.051483,0.8,2.071622629082643,4.0492,9.2233,1
PT,2006,2,1.51208523296058,6.256114562232099e-4,2.567847103572327,73.679427,-4.064139,1.6,2.163339608074134,4.0492,9.2233,0
PT,2007,2,1.37790810197484,0,3.0776366390980767,72.727962,-2.908762,2.5,2.816116988531214,4.0492,9.2233,0
PT,2008,2,1.41594674624287,0,2.824678956144368,75.642592,-3.810722,0.3,2.8159808000103093,4.0492,9.2233,0
PT,2009,2,1.53406376621365,0.006147204094123063,3.237158324853231,87.799038,-9.874242,-3.1,3.058502052539171,4.0492,9.2233,1
PT,2010,2,1.48615299877848,0,2.689855137357942,100.075392,-11.418372,1.7,2.6079401112916574,4.0492,9.2233,0
PT,2011,2,1.48992161044294,0.00196559734808576,3.1669211441832563,114.023874,-7.726952,-1.7,1.7800526468068154,6.608954545454546,7.727609090909091,1
PT,2012,2,1.40383146309083,0.00552372923623831,3.135806220165543,128.60352,-6.202433,-4.1,1.3891532775512716,6.608954545454546,7.727609090909091,0
PT,2013,2,1.43957267155316,8.36325120092068e-4,2.9749277224941326,130.840788,-5.213581,-1,1.6905167219493655,6.608954545454546,7.727609090909091,0
PT,2014,3,1.30668261277534,0.03359405486872405,2.9662119048542692,132.453261,-7.316042,0.7,2.209574561388391,6.608954545454546,7.727609090909091,0
PT,2015,3,1.32892803352448,0,2.827828138354979,131.023298,-4.371864,1.6,3.544836082235118,6.2949,8.4691,1
PT,2016,3,1.54200474856982,0.007335275332602174,2.6570455675036597,131.18025,-1.943355,2,3.630593041228314,6.2949,8.4691,0
PT,2017,3,1.23983975869036,0.011428519101881708,2.2330192356522014,126.029223,-3.002203,3.3,4.509555726253176,6.2949,8.4691,0
PT,2018,3,1.34147881873726,0.0025390370962254448,1.5534832470435165,121.112296,-0.425776,2.9,5.355866084481369,6.2949,8.4691,0
PT,2019,3,1.37395750042211,0.06437598375958783,2.2833047314066923,116.10971,0.116066,2.7,9.230370825130237,4.0492,9.2233,1
PT,2020,3,1.42613611053982,3.6149236796411945e-4,2.025949158023033,134.096376,-5.75224,-8.2,8.062729178021655,4.0492,9.2233,0
PT,2021,3,1.51644104082545,8.206050626369482e-4,1.1490912407318579,123.87819,-2.825517,5.6,9.343489030571284,4.0492,9.2233,0
PT,2022,4,1.38999857860246,1.7955683647791443,2.606793801130112,111.231683,-0.310411,7,16.03455752391994,4.0492,9.2233,1
PT,2023,4,1.46642848168082,1.714436033836609,2.941203659237555,96.860211,1.257166,3.1,18.006449029588495,4.0492,9.2233,0
RO,1995,1,2.61344768528808,6.2737131965967246,6.473591745341468,NA,-3.320023,NA,NA,3.7066020408163265,7.350818367346938,0
RO,1996,1,2.36907292563377,0.591112376944924,4.515468367782934,NA,-4.738327,3.9,NA,5.5291435,9.135608999999999,1
RO,1997,1,3.01764996200519,1.2130144268491927,4.316385597942308,NA,-5.187122,-4.8,NA,5.5291435,9.135608999999999,0
RO,1998,1,3.00417486391887,4.4904904800057714,5.002028404554955,NA,-5.329425,-2,NA,5.5291435,9.135608999999999,0
RO,1999,1,2.64025926740376,5.007125891801383,5.26737622642413,NA,-3.578793,-0.4,NA,5.5291435,9.135608999999999,0
RO,2000,1,2.49891418426016,0.629237623177949,3.0203434904903728,29.558407,-3.988471,2.5,NA,3.2325,8.6459,1
RO,2001,1,2.4207451879196,3.0146019932826675,3.685896236179824,27.409163,-3.201224,5.2,NA,3.2325,8.6459,0
RO,2002,1,2.28729607547664,0.45093032759360985,3.3212120669015053,27.382668,-2.594813,5.7,NA,3.2325,8.6459,0
RO,2003,1,2.08848713354877,0,3.3591717422409215,24.880157,-2.286233,2.3,NA,3.2325,8.6459,0
RO,2004,1,2.00765756131918,0.0032824542430581927,3.958366657641461,21.329258,-3.393432,10.4,NA,5.809158208955224,9.559335820895523,1
RO,2005,2,2.00699360911993,0.6534581979075305,3.933032241091602,17.766842,-0.690415,4.7,NA,5.809158208955224,9.559335820895523,0
RO,2006,2,1.84512546001227,0.07228559186320341,4.354017444105318,12.691466,-1.359979,8,NA,5.809158208955224,9.559335820895523,0
RO,2007,2,1.49361825981328,0,3.9456425452742945,12.430727,-3.04627,7.2,NA,6.044502325581394,9.575206976744187,0
RO,2008,2,1.39998436558161,0,4.00477899586545,13.004134,-4.604771,9.3,6.732537098761065,4.333944444444445,9.098233333333333,1
RO,2009,2,1.27806961233722,0.3281536922627681,3.748321621885918,22.450593,-6.85778,-5.5,6.645893967257804,5.48842700729927,9.522742335766424,0
RO,2010,2,1.22697660697606,0,3.4098365112093183,30.164359,-6.219779,-3.9,7.385431938010562,5.259571895424837,9.373958823529412,0
RO,2011,2,1.23556866931776,0.14726210163851333,4.417844719599576,32.597325,-4.135325,4.5,7.311479212967297,5.259571895424837,9.373958823529412,0
RO,2012,2,1.17392522752233,0.4477706007450011,7.056023391890832,36.167367,-2.385104,1.9,8.323349586653977,5.2424525316455695,9.370512025316456,1
RO,2013,2,1.29223076714816,0.09900414748428996,7.425329133401808,39.262468,-2.442676,0.3,7.67459700698409,5.2424525316455695,9.370512025316456,0
RO,2014,3,1.3476637836228,1.9883311592379616,7.514912319411389,40.474492,-1.758977,4.1,6.819716201346637,3.5989350785340317,8.694357068062827,0
RO,2015,3,1.45071824376782,0,7.167541504993637,39.353737,-1.347543,3.2,6.682973131171823,3.5989350785340317,8.694357068062827,0
RO,2016,3,1.42770454147789,0.47816605807298695,6.957521524162457,39.547586,-2.496505,2.9,6.956018761590307,3.5989350785340317,8.694357068062827,1
RO,2017,3,1.73375510218939,0.7129577431659129,6.477586608187788,37.107428,-2.85618,8.2,9.032552466919965,3.5506034482758624,8.652118390804597,0
RO,2018,3,1.79144423500295,0.22793082217568672,5.747673733299591,36.417501,-2.756612,5.4,8.834984404469434,3.5506034482758624,8.652118390804597,0
RO,2019,3,1.83079024096076,0.027797337466420415,5.674368474278696,36.7667,-4.581013,4,10.426353390859534,6.0543,9.6079,0
RO,2020,3,2.00415209230412,0.006540691326487048,5.117184815399089,49.536755,-9.595737,-3.6,7.5285953558098,6.0543,9.6079,1
RO,2021,3,1.84762902286434,0.07140372289841528,4.6607727888647785,51.80465,-6.736167,5.6,10.136726706261156,4.665004017857143,9.123508035714286,0
RO,2022,4,1.75011695275109,6.946365339025286,7.978239244572706,51.902376,-5.853,4.2,15.38741227924154,4.665004017857143,9.123508035714286,0
RO,2023,4,1.60357956167259,6.888093439457913,8.365948627538872,52.594915,-5.657942,2.3,17.0079833209028,4.665004017857143,9.123508035714286,0
SI,1995,1,1.56609458436673,6.496871619894486,6.567399898291271,18.227925,-8.192892,NA,NA,4.785911764705882,8.698027450980392,0
SI,1996,1,1.53702782548185,0.36404297780821776,3.234936010685414,21.597797,-1.155004,2.9,NA,5.43755945945946,8.904897297297298,1
SI,1997,1,1.40287074092784,0.8141831130962127,3.2301289679513165,22.096652,-2.368358,5.2,NA,4.831310204081633,8.070685714285714,0
SI,1998,1,1.36530877958536,3.8745222201434735,4.527541937040975,22.820613,-2.394025,3.1,2.318981643116635,4.831310204081633,8.070685714285714,0
SI,1999,1,1.21560860247362,4.344982729124404,4.631074561510153,23.81716,-3.043255,5.3,2.49755602441246,4.831310204081633,8.070685714285714,0
SI,2000,1,1.1030903407362,0.3321214649497693,3.112602022994036,26.085448,-3.772175,3.5,3.1115504677387302,4.0916999999999994,8.589292592592592,1
SI,2001,1,1.31347656232859,2.3243411702558006,3.086462141640278,26.323934,-4.579799,2.8,3.920920318336722,4.0916999999999994,8.589292592592592,0
SI,2002,1,1.4084785163184,0.1905676686894245,2.8373647222867575,27.682339,-2.474154,3.3,4.580682498623388,4.0322172413793105,8.486141379310345,0
SI,2003,1,1.41990505481164,0,3.0347222122312614,27.027581,-2.663903,3.2,4.651050884872581,4.0322172413793105,8.486141379310345,0
SI,2004,1,1.44379021070681,0.007978253039505147,3.081338981143926,27.100496,-1.980971,4.5,5.094586194477851,3.543079591836735,8.785757142857143,1
SI,2005,2,1.43040814614095,0.2279178128256778,2.598139105843548,26.588436,-1.378616,3.9,7.529573135628432,3.543079591836735,8.785757142857143,0
SI,2006,2,1.55085054600912,0.019857077086730433,2.982184882769974,26.207481,-1.258049,5.9,9.991224733672164,3.543079591836735,8.785757142857143,0
SI,2007,2,1.44855400639896,0,2.998470438292805,22.943429,-0.077282,7.1,14.521156977024708,3.543079591836735,8.785757142857143,0
SI,2008,2,1.50018334060673,0,2.819659725736997,21.893911,-1.44057,3.4,15.268105910204056,3.1965440000000003,8.097868,1
SI,2009,2,1.60495226217918,0.13497751393963248,3.023007633150936,34.940539,-5.871846,-7.6,14.906793179561515,3.1965440000000003,8.097868,0
SI,2010,2,1.61704968465109,0,2.5164974246534,38.607081,-5.555756,1.1,7.531109304652326,3.1965440000000003,8.097868,0
SI,2011,2,1.30187924610493,0.04294116071378661,3.6922229295460234,46.814891,-6.685861,0.7,6.869122797946921,3.1654272727272725,8.30869393939394,1
SI,2012,2,1.1771719384036201,0.14051260980324662,5.257261278767327,54.073903,-4.197186,-2.9,7.308211740621242,6.425491999999999,8.322828,0
SI,2013,2,1.05894724003693,0.026733683684856853,5.602628770964824,70.836235,-11.22712,-0.8,6.737351134459964,3.6617730769230765,8.08605,0
SI,2014,3,0.983232647144707,0.8699702797533303,5.704066995850762,81.133002,-4.526319,2.8,6.717820953526904,3.2591192307692305,7.9123807692307695,1
SI,2015,3,0.938787933833639,0,5.356929767733856,83.418152,-2.837333,2.4,7.475008168215799,3.2591192307692305,7.9123807692307695,0
SI,2016,3,1.01508115640424,0.16394169726668723,5.169940838530255,79.430288,-1.99909,3,8.053045555928044,3.2591192307692305,7.9123807692307695,0
SI,2017,3,0.990668071759246,0.23886752433640643,4.664244689048496,74.889913,0.053724,5.2,9.104044494032854,3.2591192307692305,7.9123807692307695,0
SI,2018,3,0.986759717956076,0.06395946655581686,3.974114111868487,71.00659,0.896345,4.4,13.767127264282397,3.236813953488372,7.994906976744186,1
SI,2019,3,1.06257823971417,0.06823009105703541,4.107460299504712,66.020508,0.680699,3.5,15.050641354639417,3.236813953488372,7.994906976744186,0
SI,2020,3,1.0654982010929,0.003584005591156205,3.593834087989334,80.169966,-7.676722,-4.1,17.229196020155918,5.950585106382979,8.424982978723405,0
SI,2021,3,1.23984465824347,0.02290398659999631,2.926937500432806,74.817806,-4.610589,8.4,11.201639467855744,5.950585106382979,8.424982978723405,0
SI,2022,4,1.29505522763484,5.353191413042046,6.240230796773116,72.773445,-3.01398,2.7,16.90078683358802,3.0801113207547166,7.653945283018867,1
SI,2023,4,1.32131919558764,5.2671280827395135,6.587675787900196,68.288681,-2.583294,2.4,16.031860600896,3.0801113207547166,7.653945283018867,0
SK,1995,1,3.10070289089865,6.107811879212679,6.196753534340893,21.312482,-3.428252,NA,NA,4.559681927710844,6.287439759036144,0
SK,1996,1,2.93418881478054,0.33780316596953097,3.3433074159877156,30.33922,-9.72083,6.1,NA,4.559681927710844,6.287439759036144,0
SK,1997,1,2.26783995445767,0.7488259544417715,3.2235711375527694,32.824623,-6.235124,5.5,NA,4.559681927710844,6.287439759036144,0
SK,1998,1,1.7353509879857,3.748095837357053,4.264612847327695,33.85232,-5.368752,3.8,0.3808710662348148,5.558095698924732,8.739406451612904,1
SK,1999,1,1.56985344586326,4.260026566352858,4.492321558233639,47.125553,-7.251994,-0.5,0.3841745309343933,5.558095698924732,8.739406451612904,0
SK,2000,1,1.65370432455852,0.30529026577313595,2.561429190721114,50.598285,-12.689957,0.8,0.42121586905780456,5.558095698924732,8.739406451612904,0
SK,2001,1,1.84333774482959,2.218047191389746,2.8501925216463238,51.350879,-7.74325,2.9,0.3761073833988098,5.558095698924732,8.739406451612904,0
SK,2002,1,1.77638869541757,0.36238193303348076,2.506246270286118,45.648377,-8.35312,4.4,0.42982358456137637,7.067869230769231,8.886,1
SK,2003,1,1.84975289310525,0,2.6275604883640704,43.639183,-2.281435,4.9,0.4842905125386219,7.067869230769231,8.886,0
SK,2004,1,1.65576883362586,0.0036835453045962014,2.943189837554333,41.996835,-2.359295,5.4,0.8302501454333915,7.067869230769231,8.886,0
SK,2005,2,1.68609625574848,0.2781034744784949,2.7519800375802346,34.984625,-2.857041,6.5,0.98200434233535006,7.067869230769231,8.886,0
SK,2006,2,1.594347802785,0.05429017287571456,3.115382187343614,31.531648,-3.570066,8.9,1.0402149442538593,7.026599999999999,9.40821052631579,1
SK,2007,2,1.47798320217802,0,2.8952383008705964,30.372773,-2.258288,10.8,1.6050085796492952,7.026599999999999,9.40821052631579,0
SK,2008,2,1.46010645649302,0,2.881816026956099,28.632984,-2.54082,5.4,1.6303749360126665,7.026599999999999,9.40821052631579,0
SK,2009,2,1.51744260464589,0.3076381990575422,2.8318003503538858,36.407249,-8.184516,-5.5,1.1790277238726732,7.026599999999999,9.40821052631579,0
SK,2010,2,1.24987774042242,0,2.418344670346049,40.653573,-7.444403,6.8,0.9780332108318291,6.967292957746479,8.43705633802817,1
SK,2011,2,1.06939130819127,0.04740797867892151,3.4538455040700167,43.270161,-4.355608,2.6,0.8955119810193741,6.9792695652173915,8.458423188405796,0
SK,2012,2,1.0769371641209,0.24907200314601247,5.641298133964267,51.687563,-4.366207,1.6,1.0027159743627414,3.3799,7.1697,1
SK,2013,2,0.976653153261356,0.0730286063702051,6.002157777842277,54.610772,-2.861235,0.7,0.9516089565457169,3.3799,7.1697,0
SK,2014,3,0.982206647396956,1.5999846248741352,6.206443586955736,53.392074,-3.24507,2.7,0.9891156656017255,3.3799,7.1697,0
SK,2015,3,1.10604733307789,0,5.853262314022676,51.59929,-2.782039,5.2,1.2906381788001473,3.3799,7.1697,0
SK,2016,3,1.11122582751499,0.31472432450617543,5.620408782206649,52.135587,-2.593554,1.9,1.4164473010099787,5.015436470588235,6.76218,1
SK,2017,3,1.10051309804795,0.27127741000986716,5.121769695827206,51.381467,-0.984694,2.9,1.3224556389541562,5.015436470588235,6.76218,0
SK,2018,3,1.21627211246117,0.08872191479284204,4.418583824857757,49.270347,-1.005917,4.1,1.332507826393686,4.697494666666667,6.610470666666667,0
SK,2019,3,1.702848063096,0.05454907107630897,4.431682768511392,48.009676,-1.205004,2.3,1.28724001320265,4.697494666666667,6.610470666666667,0
SK,2020,3,1.9041442947824,0.007481716555933523,3.907462900941198,58.408131,-5.29598,-2.6,1.241326062368985,7.282105263157895,7.10842105263158,1
SK,2021,3,1.71243604796751,0.05977989663404983,3.4828214650640863,60.216838,-5.089723,5.7,1.0500421170739267,7.282105263157895,7.10842105263158,0
SK,2022,4,1.80127696639016,6.363501359941568,7.208372560027297,57.756251,-1.563664,0.5,1.0052050596241346,7.4853658536585375,6.85609756097561,0
SK,2023,4,1.83861085562872,6.267302293668925,7.519458221274331,55.757589,-5.295426,2.1,1.09103461690925,7.4853658536585375,6.85609756097561,0
